"guildID","channelID","msgID","hostID","endtime","winners","nachrichten","level","rollenID","status","preis"
"925729625580113951","971092445435682907","1000351332370219028","824378909985341451","1658572803",1,,,,Inaktiv,test
"925729625580113951","971092445435682907","1000351708100165673","824378909985341451","1658572892",1,,,,Inaktiv,test
"925729625580113951","971092445435682907","1000352209596329994","824378909985341451","1658573012",1,,,,Inaktiv,test
"925729625580113951","971092445435682907","1000352876939464715","824378909985341451","1658573171",1,,,"934379369319792650",Inaktiv,test
"925729625580113951","971092445435682907","1000353630458748989","824378909985341451","1658573351",1,,,"934379369319792650",Inaktiv,test
"925729625580113951","971092445435682907","1000355896938995853","824378909985341451","1658573891",1,,,,Inaktiv,test
"925729625580113951","971092445435682907","1000356558926004344","824378909985341451","1658577649",1,,,,Inaktiv,test
"925729625580113951","971092445435682907","1000356778204200960","824378909985341451","1658577701",1,,,,Inaktiv,test
"925729625580113951","971092445435682907","1000357763307810846","824378909985341451","1658577936",1,,,,Inaktiv,test
"925729625580113951","971092445435682907","1000359403893047316","824378909985341451","1658578327",1,,,,Inaktiv,test
"925729625580113951","971092445435682907","1000359839018516481","824378909985341451","1658578431",1,,,,Inaktiv,test
"925729625580113951","971092445435682907","1000361492094386236","824378909985341451","1658575225",1,,,,Inaktiv,test
"925729625580113951","971092445435682907","1000367358164082749","824378909985341451","1658576623",1,,,,Inaktiv,test
"925729625580113951","971092445435682907","1000368062169628792","824378909985341451","1658576791",1,,100,,Inaktiv,test
"925729625580113951","971092445435682907","1000368234488418394","824378909985341451","1658576832",1,100,,,Inaktiv,test
"925729625580113951","971092445435682907","1000370632292319252","824378909985341451","1658577404",1,,,,Inaktiv,test
"925729625580113951","971092445435682907","1000370681336307732","824378909985341451","1658577416",1,,,,Inaktiv,test
"973496253658849300","973502089886060544","1000371186653470780","892676014868680715","1658577536",90,,,,Inaktiv,nix
"925729625580113951","971092445435682907","1000375889076437032","824378909985341451","1658578657",1,,,,Inaktiv,test
"925729625580113951","971092445435682907","1000375955283517500","824378909985341451","1658578673",1,,,,Inaktiv,test
"925729625580113951","971092445435682907","1000384556836323408","824378909985341451","1658580724",1,,,,Inaktiv,Nitro
"925729625580113951","971092445435682907","1000384587890958478","824378909985341451","1658580731",1,,,,Inaktiv,Nitro
"925729625580113951","925738977422639107","1000384800986767360","824378909985341451","1658580782",1,10,,,Inaktiv,Eigene Rolle
"925729625580113951","925739069391114240","1000385613649936385","824378909985341451","1658580976",1,10,10,,Inaktiv,test
"925729625580113951","925739069391114240","1000386452426866759","824378909985341451","1658581176",1,10,10,,Inaktiv,test
"925729625580113951","925739069391114240","1000386920762839181","824378909985341451","1658581287",2,10,10,"925738402547118170",Inaktiv,test
"966811756376776724","967083647834415185","1000418774475878421","840122604115329055","1658588882",1,5,5,"966817819075440660",Inaktiv,Test
"989961082833608795","990290081665413230","1000423922392641606","941750986551205930","1658590109",1,,,,Inaktiv,test
"989961082833608795","989965372457373796","1000457135227940935","941750986551205930","1659807568",1,,2,,Inaktiv,Nitro
"989961082833608795","989965372457373796","1000457560777830420","941750986551205930","1659807669",1,10,,,Inaktiv,Nitro
"989961082833608795","989965372457373796","1000701261261316116","941750986551205930","1659865772",1,10,,,Inaktiv,Nitro
"925729625580113951","971092445435682907","1000829816037179482","824378909985341451","1658686882",1,,,,Inaktiv,Test
"925729625580113951","971092445435682907","1000833373704556715","824378909985341451","1658687730",1,,,,Inaktiv,Test
"925729625580113951","971092445435682907","1000833801078980699","824378909985341451","1658687832",1,10,40,"934379369319792650",Inaktiv,test
"925729625580113951","971092445435682907","1000837304128122920","824378909985341451","1658688667",1,10,40,"934379369319792650",Inaktiv,test
"925729625580113951","971092445435682907","1000837371786449008","824378909985341451","1658688684",1,10,40,"934379369319792650",Inaktiv,test
"925729625580113951","971092445435682907","1000839345021927505","824378909985341451","1658689154",1,,,"962753309997932554",Inaktiv,NITRO
"925729625580113951","971092445435682907","1000839942638948502","824378909985341451","1658689295",1,,,,Inaktiv,NITRO CLASSIC
"925729625580113951","934190768690704544","1000880510005944420","824378909985341451","1658734908",1,3,5,"947881106332582018",Inaktiv,Test f√ºrs Team
"989961082833608795","989965372457373796","1001076158613426206","941750986551205930","1658770755",1,15,,,Inaktiv,Nitro
"988078038531076146","999060135106330684","1001115450920407080","961367570869534781","1658754983",1,2,1,,Inaktiv,Easteregg im Server
"988078038531076146","999060135106330684","1001115522886287370","983754168978268180","1659964540",1,,,,Aktiv,Nitro boost
"925729625580113951","971092445435682907","1001157133133430795","824378909985341451","1658764921",1,,,,Inaktiv,Test
"989961082833608795","989965372457373796","1001191056748056576","941750986551205930","1658945749",1,5,,,Inaktiv,"2x Xbox Game Pass Ultimate + 1 Eigenes Banner"
"989961082833608795","989965372457373796","1001191746404876338","941750986551205930","1658859513",1,10,,,Inaktiv,"1x Xbox game Pass Ultimate"
"989961082833608795","989965372457373796","1001192300174651614","941750986551205930","1658859645",2,5,,,Inaktiv,"1x Xbox Game pass Ultimate + 1 Eigenes Banner"
"974804274414497802","988193513244082236","1001244257459392563","994301549662720100","1658958433",4,,,,Inaktiv,"50.000 üíµ im Casino"
"974804274414497802","991688496760766546","1001244740651589642","994301549662720100","1658958548",2,10,4,,Inaktiv,Nichts!
"974804274414497802","988193513244082236","1001245890595536906","994301549662720100","1658958822",3,10,,,Inaktiv,"100.000 im Casino üíµ"
"973289734057132092","973289734304575583","1001247345725419650","944309381720334417","1658872769",1,,,,Inaktiv,Eine eigene Custom-Rolle üé≠
"1000557173593612408","1001252548893741106","1001254632397480040","994301549662720100","1659047306",1,5,2,,Inaktiv,Verewigung auf dem Minecraft Server
"993465450484731925","997096599836700772","1001495474706075718","823534232525471784","1658848227",1,,,,Inaktiv,Nitr
"989961082833608795","989965372457373796","1001511233326952528","941750986551205930","1659281285",1,20,,,Inaktiv,Nitro
"925729625580113951","925738977422639107","1001550042986991697","824378909985341451","1658859438",2,10,2,"925735515179860031",Inaktiv,Test vom neuen Gewinnspiel System
"989238450467258418","992734156561842187","1001596522305171487","827952900381868072","1658869679",1,,,,Inaktiv,Einen Vater
"1000787050225729587","1000846710899212329","1001629020011626586","385439293239197696","1658963767",1,,,,Inaktiv,Bild
"993465450484731925","995784774587265075","1001780582684037151","823534232525471784","1658913562",1,,,,Inaktiv,Test
"646045583093530635","997827894820737044","1001874822332170270","580445863231356938","1658936031",1,,,,Inaktiv,Rolle
"646045583093530635","994013861474734220","1002174274628489308","580445863231356938","1659007426",1,,,,Inaktiv,Rolle
"948595942448320653","993587068485775501","1002208124700209234","948565546742452284","1659019037",1,,,,Inaktiv,test
"960155309589016618","966700096135761920","1002514859331682316","941998396934340619","1660298168",90,,5948854,,Inaktiv,fhgrtzgf3re
"853365601783382047","1002274113299157083","1002647344615006250","830552140149686303","1659205655",1,,,,Inaktiv,Nitro Classic
"810607796709097534","1002653996940529774","1002654782554636329","706207165970513980","1659121988",1,0,0,"810607893064974346",Inaktiv,Test
"1003036756901363732","1003042367441473607","1003044341721354290","859833099448483851","1659215706",1,20,,"1003036756901363732",Inaktiv,Test
"948595942448320653","1002559085977288755","1003229933088280636","948565546742452284","1659259114",1,,,,Inaktiv,test f√ºr andolan
"853365601783382047","1002274113299157083","1003292260571562126","888739074620399636","1659360315",1,5,,,Inaktiv,Nitro (10‚Ç¨)
"997188963074834563","997205703267713076","1003346639982952478","936354421900726312","1659632480",4,,,,Inaktiv,VIP Lifetime
"925729625580113951","1003394062482686054","1003395594284437504","824378909985341451","1659298611",1,10,,,Inaktiv,test
"925729625580113951","971092445435682907","1003396598862184468","824378909985341451","1659298851",1,,,,Inaktiv,e
"925729625580113951","971092445435682907","1003396646488514600","824378909985341451","1659298862",1,10,,,Inaktiv,e
"925729625580113951","971092445435682907","1003397552596582500","824378909985341451","1659299078",1,100,,,Inaktiv,t
"925729625580113951","971092445435682907","1003397655424139326","824378909985341451","1659299103",1,1000,,,Inaktiv,e
"925729625580113951","971092445435682907","1003398096488771635","824378909985341451","1659299208",1,10000,,,Inaktiv,e
"925729625580113951","971092445435682907","1003398142823256084","824378909985341451","1659299219",1,10,,,Inaktiv,test
"948595942448320653","993587068485775501","1003631393298989066","948565546742452284","1659959570",1,40,,,Inaktiv,"10‚Ç¨ Amazon Gutschein"
"925729625580113951","925736845436915712","1003713322740367440","824378909985341451","1659460704",1,10,,,Inaktiv,"30k üç™ f√ºr das globale Economy System"
"984928443173068880","988067378476765324","1003730673758122126","853742600061714482","1659379340",10,,,"986359810243055676",Inaktiv,"100‚Ç¨ Amazon"
"898666069303119955","996155953621782598","1003788924050739283","781840016158228480","1659392388",1,,,,Inaktiv,test
"989961082833608795","989965372457373796","1003907841276522536","941750986551205930","1660630280",1,25,,,Inaktiv,Nitro
"1003073337116860468","1003079732285407312","1004056239585640528","778647522356363285","1659456121",1,,,,Inaktiv,"2 Euro"
"1003073337116860468","1003079732285407312","1004056754939764806","778647522356363285","1659456244",1,,,,Inaktiv,"10K auf Opsucht"
"1003073337116860468","1004057311976886373","1004057489328844951","778647522356363285","1659456419",1,,,,Inaktiv,"10K auf Opsucht"
"853365601783382047","986027399567261826","1004077965165985792","888739074620399636","1659634041",1,10,,,Inaktiv,"10‚Ç¨ Nitro"
"853365601783382047","1002274113299157083","1004078745407193220","888739074620399636","1659634227",1,5,,,Inaktiv,"10‚Ç¨ Nitro"
"646045583093530635","965210425652281344","1004105345410547783","580445863231356938","1659467829",1,,,,Inaktiv,Rolle
"948595942448320653","993587068485775501","1004325306406023289","948565546742452284","1659693012",1,,,,Inaktiv,VIP auf dem RaceOase.net Server
"799670432995213342","908798144408600577","1004751135841726555","781840016158228480","1659623538",1,,,"860525236758904853",Inaktiv,muss nur was testen
"994332164768403596","997040661285064714","1005185873920413767","989404318086094898","1660157387",1,,,,Inaktiv,<@&998856475390771250>
"990688466448834611","990688466448834614","1005186721572458597","989404318086094898","1659725649",1,,,"990688466448834611",Inaktiv,<@&998594383186235503>
"994332164768403596","997040661285064714","1005187838943428800","989404318086094898","1659985056",1,,,,Inaktiv,<@&998856475390771250>
"966811756376776724","971046315339423794","1005223575562752020","840122604115329055","1659993576",1,5,,,Inaktiv,XBox Game Pass Ultimate (2 Monate)
"993465450484731925","1003689115394510888","1005472838385418270","823534232525471784","1659966605",2,,,"1003673373156585534",Inaktiv,Custom Rolle
"853365601783382047","1002274113299157083","1005528390171901972","888739074620399636","1659979849",1,5,,,Inaktiv,Nitro Classic
"973289734057132092","973289734556229691","1005570244766609468","944309381720334417","1660421828",2,,,,Inaktiv,Die VIP-Rolle ‚≠êÔ∏è
"973289734057132092","973289734304575583","1005570815842058280","944309381720334417","1660421964",2,,,,Inaktiv,Die VIP-Rolle ‚≠êÔ∏è
"898666069303119955","898666069303119958","1006001422074118184","781840016158228480","1659927029",1,,,,Inaktiv,t
"988078038531076146","999060135106330684","1006122307871313921","983754168978268180","1659959451",1,,3,,Aktiv,Netflix Account
"988078038531076146","999060135106330684","1006142399287926824","983754168978268180","1660126301",1,,3,,Aktiv,Netflix Account
"988078038531076146","999060135106330684","1006149713046810644","983754168978268180","1659956084",1,,,,Inaktiv,Netflix Account
"973289734057132092","973289734304575583","1006277052112060416","944309381720334417","1660071944",1,,,,Inaktiv,Die W√§hrung im Casino entscheiden
"1005224873745989662","1006310865445851277","1006311759436587151","827949889026785302","1660598619",2,,,"1006311504762650634",Inaktiv,"1x Nitro Boost pro Gewinner"
"853365601783382047","999938724655812629","1006564555264110713","888739074620399636","1660122459",1,5,,,Inaktiv,Nitro Classic
"853365601783382047","999938724655812629","1006565010992021554","888739074620399636","1660126199",1,5,,,Inaktiv,Nitro Classic
"973289734057132092","973289734304575583","1006645199302307851","944309381720334417","1660418917",1,,,,Inaktiv,Die W√§hrung im Casino Entscheiden
"973289734057132092","973289734304575583","1006645573031579688","944309381720334417","1660419007",1,,,,Inaktiv,Die W√§hrung im Casino entscheiden
"1000066513333661736","1000070654600675328","1006883768927272980","624269212935913472","1660491997",2,30,2,"1000070251301584937",Inaktiv,Kekw
"1006159428514500618","1006172227449917440","1006970001548382208","852878080447741952","1660150816",2,50,,,Aktiv,Nitro Classic
"993465450484731925","1003689115394510888","1006977169261592637","689386059326292008","1660325265",2,,,"1003673373156585534",Inaktiv,"10k casiono cash"
"957242463284764732","1005561688843628644","1007339878478000221","899977967042715700","1660246142",1,,,,Aktiv,"1x Einen Modmail-Bot (1 Monat kann auch verl√§ngert werden) inks. Hosting"
"903725994907693096","1007349723763585146","1007352284923035751","809739434537910283","1660846700",3,5,,,Inaktiv,"3x Random Steamkeys pro Person"
"983384134439292938","1005934863888678942","1007360309905862666","738800213271117964","1660243873",1,19,,,Inaktiv,Test
"925729625580113951","971092445435682907","1007370159016640603","824378909985341451","1660246221",1,19,,,Inaktiv,test
"993465450484731925","1003689115394510888","1007980538440732802","823534232525471784","1660409687",1,,,,Inaktiv,Custom Shop Item
"775145940020887572","1006655786333782118","1008025851981471755","539502259537444875","1661007291",1,,,,Inaktiv,"1x Premium lifetime"
"973289734057132092","973289734304575583","1008108316607664288","944309381720334417","1660544552",1,,,,Inaktiv,Eigene Rolle üé≠
"811730903482761246","842039934142513152","1008705935079907438","679706007219339376","1660564695",1,1,1,,Inaktiv,test
"973289734057132092","973289734304575583","1009031743308828712","944309381720334417","1661247114",1,,,,Inaktiv,"1 Free Server-Banner"
"973289734057132092","1009371064511496213","1009371706835611778","944309381720334417","1660809767",2,,,,Inaktiv,"1000 üîÆ"
"996846430834659388","998549138687918210","1009795213285400666","977962899848986674","1661429135",1,10,,"1009757434174251028",Inaktiv,Vip auf Twitch
"925729625580113951","971092445435682907","1009858409895563265","824378909985341451","1660839467",1,10,,,Inaktiv,test
"925729625580113951","971092445435682907","1009858573813174312","824378909985341451","1660839506",1,10,,,Inaktiv,s
"925729625580113951","971092445435682907","1009860178881040465","824378909985341451","1660840728",1,10,,,Inaktiv,test 1
"925729625580113951","971092445435682907","1009860227702726706","824378909985341451","1660840740",1,15,,,Inaktiv,test 2
"973289734057132092","1009371064511496213","1009864772440825958","944309381720334417","1660927323",2,,,,Inaktiv,"1000 üîÆ"
"925729625580113951","971092445435682907","1009865343885377567","824378909985341451","1660841120",1,,,,Inaktiv,Test 1
"925729625580113951","971092445435682907","1009865392048590861","824378909985341451","1660841131",1,,,,Inaktiv,test 2
"925729625580113951","971092445435682907","1009867168575397989","824378909985341451","1660841555",1,,,,Inaktiv,test 1
"925729625580113951","971092445435682907","1009867191346286603","824378909985341451","1660841560",1,,,,Inaktiv,test 2
"973289734057132092","1009371064511496213","1010101169646997504","944309381720334417","1660983685",2,,,,Inaktiv,"1000 üîÆ"
"993465450484731925","1003689115394510888","1010633809600979044","823534232525471784","1661197076",1,,,,Inaktiv,Custom Casiono Item
"925729625580113951","925739069391114240","1011234702935466105","824378909985341451","1661167601",1,1,8,"925737344412291122",Inaktiv,test
"964485182637871104","964485719240343583","1011635408242753576","963303356443529246","1661353136",1,1,1,"964485688303169576",Inaktiv,"1 stunde spa√ü hahahahaha"
"925729625580113951","971092445435682907","1011704884074127430","824378909985341451","1661279700",1,1,,,Inaktiv,test banner embed dm
"903725994907693096","1007349723763585146","1011964609139331082","809739434537910283","1662551164",1,200,,,Inaktiv,"1x Nitro mit Boosts (10‚Ç¨ Version"
"903725994907693096","1007349723763585146","1011966074251661403","809739434537910283","1662551513",1,,,,Inaktiv,"1x Nitro Boosts [10‚Ç¨ Version"
"931905307314114641","1011369258938282006","1012042513885958144","795649762183348245","1662655237",1,1000,,,Inaktiv,"10Euro discord nitro edition"
"948595942448320653","993587068485775501","1012256052202438686","948565546742452284","1661756649",2,10,,,Inaktiv,Serverbanner Nutzerprofiel oder irgendsowas
"1011598256322654359","1011598256322654362","1012379377041948782","884015117019271168","1662650052",1,,,,Aktiv,"100000"
"993465450484731925","1003689115394510888","1012708854217318422","823534232525471784","1661605406",1,,,,Inaktiv,"1000 Casino Cash"
"991083033341886524","991083033341886527","1012969113754280066","593450283510792213","1661581116",1,,,"991358171836850306",Inaktiv,Gold Rangg
"937793977892077668","966611494219423774","1013045603271446538","915266458588688435","1661685693",1,200,,,Inaktiv,VIP
"993887751785168906","1013056861433503835","1013057454839447572","775433367595909129","1661603918",1,,,"1011360945626415204",Inaktiv,Moderator
"993887751785168906","1013056861433503835","1013057775863074827","775433367595909129","1661603995",1,,,"994321633516998696",Inaktiv,<@&1011360945626415204>
"937793977892077668","966611494219423774","1013419433584250940","775433367595909129","1661774821",1,25,,,Inaktiv,VIP
"1003987205196361728","1003987205934546971","1013473441858461696","593450283510792213","1661702197",1,,,,Inaktiv,"1x Uraniumkiste"
"768228694736371732","1010514387708162119","1013475447251669144","683055422650974448","1661701835",1,2,0,,Inaktiv,<@678344927997853742>
"768228694736371732","1010514387708162119","1013475770464739419","683055422650974448","1661701913",1,,,,Inaktiv,@everyone
"994332164768403596","997040661285064714","1013485837507379210","989404318086094898","1661963453",1,,,"994464866947567726",Inaktiv,<@&998856475390771250>
"683059539054297159","1013490443578790059","1013503916916363335","683055422650974448","1661881363",1,,,,Inaktiv,<@&683437701956894757>
"683059539054297159","1013490443578790059","1013522232313651282","683055422650974448","1661972130",1,,,,Inaktiv,"Premium Rang auf unserem Server GamingLounge

Wir w√ºnschen allen Teilnehmern viel Erfolg üçÄ"
"1009124566544695357","1011647876029485076","1013584786826199161","899977967042715700","1661802544",1,,,,Inaktiv,"1x Eine Eigene Server-Rolle"
"1013574681703485530","1013575408391819305","1013768887587831858","933350026141380708","1661771797",1,,,,Inaktiv,kekse
"986322560532758579","1013088566856925256","1013785033045188650","770223395035283466","1661865647",1,2,,,Inaktiv,nichts
"1003987205196361728","1003987205934546971","1013853282491441212","593450283510792213","1661791918",1,,,,Inaktiv,test
"1009496911348256799","1009875008895586305","1014143942826139668","806833335933861888","1661861217",1,,,,Inaktiv,Test
"1003987205196361728","1003987205934546971","1014174343271555162","593450283510792213","1661868465",1,,,,Inaktiv,"10 Uraniumkiste"
"1003987205196361728","1003987205934546971","1014174970668122222","593450283510792213","1661868615",1,,,,Inaktiv,"5 Uraniumkiste"
"1003987205196361728","1003987205934546971","1014175450194522193","593450283510792213","1661868729",1,,,,Inaktiv,"15 Monatskisten"
"1003987205196361728","1003987205934546971","1014176126396010596","593450283510792213","1661868890",1,,,,Inaktiv,"30 Mio"
"1003987205196361728","1003987205934546971","1014177195129847958","593450283510792213","1661869145",1,,,,Inaktiv,Max Bauhacke
"1014183330893275287","1014183330893275290","1014183998207049758","899271873022545921","1662482707",1,,,,Aktiv,Premium Lifetime
"775145940020887572","1006655786333782118","1014185134964080731","899271873022545921","1662475778",1,,,,Inaktiv,"1x Premium"
"1003987205196361728","1003987205934546971","1014191999513014282","593450283510792213","1661872675",1,,,,Inaktiv,Diarand/Emeraldrand
"1014116444897804408","1014121564242976828","1014231275827105943","1008975489962082374","1662054779",1,10,3,"1014116444897804416",Inaktiv,VIP
"1014116444897804408","1014121564242976828","1014232118798332029","1008975489962082374","1662054980",1,10,3,,Inaktiv,VIP
"918191764312051793","987675343764725791","1014238204922167376","785059784604778496","1662315631",1,1,,"918194116431577089",Inaktiv,"1x Exklusives ""Tower of Fantasy""-Avatarpaket"
"1003987205196361728","1003987205934546971","1014240624599375872","593450283510792213","1661886008",1,,,,Inaktiv,ein  Baum
"925729625580113951","925736845436915712","1014244245428777061","824378909985341451","1662317071",2,3,,"962753309997932554",Inaktiv,Wunschsystem
"948595942448320653","993587068485775501","1014402308106366996","948565546742452284","1662354756",1,15,2,,Aktiv,"1 Sub auf meinem Kanal"
"1014445347713593354","1014465484298661888","1014465840038563891","525974888750645249","1661938804",1,5,,,Inaktiv,"10 fake euro lol"
"948595942448320653","1014574224221937765","1014796033173237810","948565546742452284","1662275828",1,20,,,Inaktiv,"1 Twtich Sub auf meinem Kanal"
"1014445347713593354","1014465484298661888","1014989670049923092","525974888750645249","1662120394",3,10,,,Inaktiv,"50 LokPoints"
"1014116444897804408","1014121564242976828","1015140355290710037","1008975489962082374","1662120321",1,,,,Inaktiv,ÿßŸÖŸà⁄´ÿ≥
"1014116444897804408","1014121564242976828","1015167565741428767","1008975489962082374","1662106108",1,,,,Inaktiv,MOD
"1014116444897804408","1014121564242976828","1015168052880474142","1008975489962082374","1662106224",1,,10,"1014116444897804411",Inaktiv,MOD
"1014116444897804408","1014121564242976828","1015170017479884823","1008975489962082374","1662105853",2,,,,Inaktiv,MOD
"1014445347713593354","1014465484298661888","1015235401990017024","525974888750645249","1662126781",1,,1,,Inaktiv,"50 LokPoints"
"1014445347713593354","1014465484298661888","1015606123954458686","525974888750645249","1662213368",1,,,,Inaktiv,"50 LokPoints bzw. den Preis vom Dritten Platz von dem Event."
"918191764312051793","987675343764725791","1015770472950018048","829440139717640233","1662508152",1,1,,,Inaktiv,"1x Exklusives ""Tower of Fantasy"" Avatar Paket"
"918191764312051793","987675343764725791","1015770872126128168","829440139717640233","1662508247",1,1,,"918194116431577089",Inaktiv,"1x Exklusives ""Tower of Fantasy""-Avatarpaket"
"1014445347713593354","1014465484298661888","1016037414491406487","525974888750645249","1662744596",2,15,,,Inaktiv,"500 LokPoints"
"948595942448320653","1014574224221937765","1016359815024488629","948565546742452284","1662821462",1,20,,,Inaktiv,Xbox Game Pass Ultimate (2 Monate)
"974771788481429504","981320668526284810","1016393653293420544","897189872626983002","1662397590",1,,,,Inaktiv,test
"1011346962882248825","1016357550997913701","1016412792359751730","921484539489026140","1662574893",1,,,,Inaktiv,"1 Monat Discord Nitro"
"1011346962882248825","1011351327030382663","1016413894325051542","921484539489026140","1662575156",1,,,"1015632243282149408",Inaktiv,"1 Monat Discord Nitro"
"1001476627718484080","1001494484011462788","1016957927296356372","941998396934340619","1662532123",1,,,"1010840323926261770",Inaktiv,Nix
"993887751785168906","1013056861433503835","1017057206694326303","775433367595909129","1662814934",1,10,,,Inaktiv,<@&994504497546133575>  Rolle
"964485182637871104","964485719240343583","1017133782396043424","963303356443529246","1662574051",1,,,,Inaktiv,"10000000000000000000000000000000000000000$"
"771473974328426516","956947779505246309","1017139646884483182","688096482339192902","1662577189",1,100,,"990847272344489995",Inaktiv,"5.000$ & Benefactor Schwarzer V12 Full tuned"
"771473974328426516","956947779505246309","1017139964523327588","688096482339192902","1662577265",1,,,"990847272344489995",Inaktiv,"10.000$ & benefactor schwarzer v12 full tuned"
"937793977892077668","966611494219423774","1017445755193143327","915266458588688435","1662907571",1,20,2,,Inaktiv,VIP
"1014445347713593354","1014465484298661888","1017890244906995813","525974888750645249","1662862345",1,,1,,Inaktiv,<@&1017889441576128612> Rolle
"918191764312051793","987675343764725791","1018112548865851433","785059784604778496","1664016947",1,,,,Inaktiv,"1x 100 Mitglieder Server"
"1002707762544914535","1002707763681575020","1018126426060378172","772150720689733663","1662893455",2,20,,,Inaktiv,vip rolle
"999561154655440928","999747302904320051","1018156350641025096","702107838134091796","1662819590",1,0,0,"999561154655440928",Inaktiv,"1‚Ç¨"
"999561154655440928","999570135239118868","1018156802405302384","702107838134091796","1662996098",1,0,0,"999561154655440928",Inaktiv,"150k"
"999561154655440928","999570135239118868","1018157964403691530","702107838134091796","1662990975",1,0,,"1013126523508760577",Inaktiv,"150k"
"999561154655440928","999570135239118868","1018158489081741372","702107838134091796","1663000100",1,5,,"1013126523508760577",Inaktiv,"150k"
"999561154655440928","999570135239118868","1018158816061304923","702107838134091796","1662999278",1,0,0,"1013126523508760577",Inaktiv,"150k"
"999561154655440928","999747302904320051","1018159261982928986","702107838134091796","1663005744",1,0,2,"1013126523508760577",Inaktiv,"150k"
"1003987205196361728","1003987205934546971","1018196804979937290","593450283510792213","1662913835",2,,,,Inaktiv,"10 Uraniumkisten"
"1010638746321957105","1010982847907123220","1018247485963108442","1001200401292476457","1662936778",1,1,1,"1017870526628245587",Aktiv,"1‚Ç¨"
"1014445347713593354","1014465484298661888","1018434765180911636","525974888750645249","1662891369",1,,1,,Inaktiv,<@&1017099877605453964>  f√ºr ein Monat
"918191764312051793","987675343764725791","1018525780449443850","899254051097702410","1663424269",1,25,,,Inaktiv,"1x Xbox Game Pass 2 Months"
"918191764312051793","987675343764725791","1018526553455480853","899254051097702410","1663510853",1,,,,Aktiv,Tower of Fancy Avatar Paket
"1014445347713593354","1014465484298661888","1018536160177422376","525974888750645249","1662994744",1,5,5,,Inaktiv,"500 LokPoints"
"972605101422293123","1017833445260542129","1018541573006430279","930106233971679252","1664119234",1,,,"996579738682396673",Inaktiv,"1x Nitro Boost"
"937793977892077668","966611494219423774","1018568833251946567","775433367595909129","1663002533",1,,,,Inaktiv,VIP
"972605101422293123","1017833445260542129","1018797322399916084","930106233971679252","1664180209",1,25,,,Inaktiv,"1x Nitro Boost"
"1017523461482106943","1017719701796823100","1018940429506461736","756138116728881207","1663047929",2,,,,Inaktiv,"1x VeryPacket"
"1014445347713593354","1014465484298661888","1019259552245489694","525974888750645249","1663088014",1,,,"1014471829781487677",Inaktiv,"500 LokPoints"
"1018445925972201523","1019279748490342420","1019280607311822949","586231322993754119","1663172234",2,20,,"1019195757410127982",Inaktiv,Premium
"1018445925972201523","1019279748490342420","1019281123970396242","586231322993754119","1663172357",2,15,,,Inaktiv,Premium Ingame
"1014445347713593354","1014465484298661888","1019481309338402846","525974888750645249","1663220085",1,,,,Inaktiv,Gl√ºckspilz Rolle
"1003987205196361728","1003987205934546972","1019532011637063721","944244654524751913","1663149373",1,,,,Inaktiv,"100000"
"1003987205196361728","1003987205934546971","1019532378160504862","944244654524751913","1663185460",1,,0,,Inaktiv,"100000"
"1003987205196361728","1003987205934546971","1019532877014241340","944244654524751913","1663185579",1,,0,,Inaktiv,iron rang !
"1018445925972201523","1019279748490342420","1019644659577933925","586231322993754119","1663813430",5,20,3,"1018447554872086559",Aktiv,Premium
"1014445347713593354","1014465484298661888","1019994048179740682","525974888750645249","1663342331",1,5,10,"1014471945884016690",Inaktiv,"1000 LokPoints"
"1014445347713593354","1014465484298661888","1019994221194784768","525974888750645249","1663342372",1,10,,"1014471945884016690",Inaktiv,"1000 LokPoints"
"1010463052912660491","1010474929227046962","1020392949193920612","786578452190855168","1663351096",10,,1,,Inaktiv,nichts
"1019243091267424287","1020430032407113788","1020613977362940025","947529541834903582","1663410034",1,,,"1019646528110985267",Inaktiv,vip rolle
"1019243091267424287","1020430032407113788","1020764752789651627","947529541834903582","1663439741",1,10,1,"1019825313477296140",Inaktiv,<@&1019646528110985267>
"1015142561087750174","1015274599195361364","1020958039962026034","941750986551205930","1663485825",1,,,,Inaktiv,price
"899746479625871441","994920595127017512","1020968344230297701","782276733616783390","1663574621",1,15,,,Inaktiv,Eigene Rolle
"899746479625871441","994920595127017512","1020968713295495178","933697808152801311","1663617909",1,,,,Inaktiv,Xbox PC Game Pass
"1014445347713593354","1014465484298661888","1021014163193069609","525974888750645249","1663506345",1,,,"1014471945884016690",Inaktiv,V.I.P f√ºr 1 Monat
"984928443173068880","988067378476765324","1021033499106476125","853742600061714482","1663517256",1,,,"988070978770845696",Inaktiv,Eine Rolle deiner Wahl
"984928443173068880","988067378476765324","1021033720901287946","853742600061714482","1663516408",1,,,,Inaktiv,Eine Rolle deiner Wahl
"918191764312051793","987675343764725791","1021045053684195469","785059784604778496","1663938510",1,,,,Aktiv,"1x 1 Jahr Disney+"
"983409995720822804","997451099348934656","1021061073023012924","974992893024546816","1663510390",1,0,0,"1007351529096880138",Inaktiv,lol
"989961082833608795","990290081665413230","1021131145032761424","941750986551205930","1663527936",1,,,,Inaktiv,Preis
"1000066513333661736","1018637869235048538","1021169323051601990","624269212935913472","1663536198",1,1,1,"1018637771222548490",Inaktiv,Sujcu
"1000066513333661736","1018637860183752815","1021170818635530322","624269212935913472","1663536555",1,,,,Inaktiv,kl
"1019243091267424287","1019243770404941884","1021180002617798707","947529541834903582","1663538745",1,0,,,Inaktiv,<@981474299036725268>  verkaufen
"1014445347713593354","1014465484298661888","1021356411881529364","525974888750645249","1663692344",1,5,,"1014471829781487677",Inaktiv,"Farbenfroh Rolle, falls du die schon hast 100 LokPoints"
"1005119105868759162","1015666347725824030","1021446556450291833","941750986551205930","1663602296",1,,,,Inaktiv,preis
"984928443173068880","988067378476765324","1021486082296135781","853742600061714482","1663784460",1,,,,Inaktiv,Eine eigene Rolle
"941803156633956362","941803156633956365","1021488456062488588","714149216787628075","1663612286",1,,,,Inaktiv,candy
"1008758902990569562","1008758904622166022","1022498457501585518","979717048496185416","1663945729",90,50,1,"1008758903200284681",Inaktiv,Nitro Kappa
"948595942448320653","1014574224221937765","1022514802318389379","948565546742452284","1664202526",1,20,,,Inaktiv,"1x Eingerichteten DC ohne member und bots"
"899746479625871441","994920595127017512","1022555560001949736","782276733616783390","1663953043",1,5,,,Inaktiv,Eigene Rolle
"937793977892077668","966611494219423774","1022590929678381118","915266458588688435","1664220676",1,50,2,,Inaktiv,VIP
"1005119105868759162","1005119106959290490","1022918075546357760","941750986551205930","1663953133",1,,,,Inaktiv,D√∂ner
"960991044302946354","1001769892317515796","1023488821653946439","953361295976054786","1664360950",3,70,3,"1001942273904353320",Inaktiv,VIP+ Rolle!
"743909366436200448","986881555647565904","1023610778546348062","782276733616783390","1664118287",2,,,,Inaktiv,VIP
"1014445347713593354","1014465484298661888","1023612720450392184","525974888750645249","1664205090",1,,,"1014471829781487677",Inaktiv,"1 Monat VIP"
"1014445347713593354","1014465484298661888","1024228913104310325","525974888750645249","1664352002",2,5,,"1014466264523091990",Inaktiv,"500 LokPoints"
"937793977892077668","966611494219423774","1024327313766240357","915266458588688435","1664811062",1,5,,,Aktiv,VIP dc & Twitch üéâ50 Followerüéâ
"937793977892077668","1021832793090691122","1024400569831542948","915266458588688435","1664479328",1,3,,"1022218752391139364",Inaktiv,VIP
"1019243091267424287","1020430032407113788","1024600558578966579","947529541834903582","1664354269",1,1,1,,Inaktiv,Test
"925729625580113951","925736845436915712","1025052386143780935","824378909985341451","1664721133",1,,,"962753309997932554",Aktiv,Wunschsystem
"925729625580113951","971092445435682907","1025052693955354736","824378909985341451","1664462066",1,,,,Inaktiv,test
"937793977892077668","1021834784240050307","1025079976384548874","915266458588688435","1664554911",1,,,"1022218752391139364",Inaktiv,"20 Dias"
"949612614466535424","1025082121850716211","1025083643355463750","931795662704615444","1664469445",1,10,,"955135812184449035",Inaktiv,Ein netten Opa
"1014445347713593354","1014465484298661888","1025390842246086736","525974888750645249","1664629027",1,,,"1014466264523091990",Aktiv,"500 LokPoints"
"938695296060366859","949242466719125504","1025399652096430181","938691154034180097","1665754327",1,150,,,Aktiv,Gratis Discord-Server!
"1014116444897804408","1014121564242976828","1025684384654839918","693523513792790648","1664612673",2,2,15,"1014116444897804410",Inaktiv,Einen Haufen Schei√üe
