"guildID","msgID","role","categoryID","archivID"
"925729625580113951","949988007904178236","942409310867177532","942386781783982090","942481706215174204"
"925729625580113951","949999276027707392","945669194647760938","942386781783982090","942481706215174204"
"925729625580113951","951529654366375936","925737212144918548","942386781783982090","942481706215174204"
"834167809931870228","954480005436563516","954479287375921192","954479882551836693","954479958548430909"
"906867698447822889","955064871345586196","923162746969817108","923146361162063893","955064861405106216"
"925729625580113951","955479904227586079","925737886400266260","942386781783982090","942481706215174204"
"906867698447822889","956077128724643922","922930584181964872","923146361162063893","955064861405106216"
"937376412183183452","956118789680922654","956118734202871848","956118575263916092","956118588148826122"
"937376412183183452","956120483642871818","956118734202871848","956118575263916092","956118588148826122"
"937376412183183452","956121251435405333","956118734202871848","956118575263916092","956118588148826122"
"937376412183183452","956121710615207978","956118734202871848","956118575263916092","956118588148826122"
"937376412183183452","956122258479398992","956118734202871848","956118575263916092","956118588148826122"
"937376412183183452","956122858738831390","956118734202871848","956118575263916092","956118588148826122"
"937376412183183452","956123387896406057","956118734202871848","956118575263916092","956118588148826122"
"925729625580113951","956123658491953193","925737212144918548","942386781783982090","942481706215174204"
"925729625580113951","956123883218546728","942409310867177532","942386781783982090","942481706215174204"
"925729625580113951","956124143378657340","942409310867177532","942386781783982090","942481706215174204"
"937376412183183452","956255744569778176","956118734202871848","956118575263916092","956118588148826122"
"937376412183183452","956260873016598578","956118734202871848","956118575263916092","956118575263916092"
"937376412183183452","956270398079639642","956118734202871848","956118575263916092","956118588148826122"
"925729625580113951","956832852819988490","934764712430800916","942386781783982090","942481706215174204"
"937376412183183452","957169246855659560","956118734202871848","956118575263916092","956118588148826122"
"947853231495721030","957397115347275776","947931436575506513","948298108876521543","957397048141967400"
"947853231495721030","957399611004305408","949384313567326259","948298108876521543","957397048141967400"
"947853231495721030","957400505573863505","947931436575506513","948298108876521543","957397048141967400"
"958276455782035466","958290071994400779","958276455782035466","958276455782035467","958276455782035468"
"958290691212050455","958311619790790676","958309411254849577","958290691866374184","958290691866374184"
"958290691212050455","958312696007262280","958309411254849577","958312277113729064","958312277113729064"
"935147046715920434","958337603902525480","935218231403225108","952158491441778758","952158491441778758"
"947853231495721030","959517978720882688","947931436575506513","948298108876521543","957397048141967400"
"947853231495721030","959518404555988993","947858602352316447","948298108876521543","957397048141967400"
"947853231495721030","959816089511010324","947931436575506513","948298108876521543","957397048141967400"
"947853231495721030","959890821983916123","959890141827186748","948298108876521543","957397048141967400"
"947853231495721030","960584940196622386","960567643281162381","948298108876521543","957397048141967400"
"947853231495721030","960943486268493844","947931436575506513","948298108876521543","957397048141967400"
"947853231495721030","960943946014535780","949384313567326259","948298108876521543","957397048141967400"
"961971433486041198","961991174980255824","961973391873699911","961983965852491797","961983965852491797"
"955047180723425300","962087948361297957","955491183965110322","955083841649909760","955083841649909760"
"940569469409968139","962639870914871298","961331381647056966","961742567572119703","961331426521915442"
"943483956664356894","963126606841409576","943492517473714197","943573712647643186","943573712647643186"
"943483956664356894","963332649890484294","943494492235890779","943573712647643186","943573712647643186"
"913529131931664475","963384923086008361","917048815754829824","913899826448568380","963384884548759573"
"913529131931664475","963385445905993798","963385294307094528","913899826448568380","963384884548759573"
"913529131931664475","963386134749147196","917048815754829824","913899826448568380","963384884548759573"
"913529131931664475","963426454727716916","916777714466304122","913899826448568380","963384884548759573"
"933706031517802536","964600258497761350","953558714584031292","935897484952231958","947582133394878474"
"964849174577295370","964852429722103898","964850502133227621","964849174577295371","964849174577295371"
"925729625580113951","964998650629603348","942409310867177532","942386781783982090","942481706215174204"
"965390680862101566","965396759473950720","965394856186904618","965395632762290266","965396728394182686"
"965390680862101566","965397405778448464","965394856186904618","965395632762290266","965396728394182686"
"945066865103863858","965401195319537724","945796572501901343","965399478695776288","965399630005272656"
"945066865103863858","965403981729910844","945796572501901343","965399478695776288","965399630005272656"
"892080636645486683","965504411411578880","892080637031383057","908392754206371911","905403410101202945"
"836132315809316878","965922452364472330","881530427532251136","965922325314805790","965922423746752552"
"943483956664356894","967044125448884305","967042723574087690","943573712647643186","943573712647643186"
"925729625580113951","967697479468482592","925737886400266260","942481706215174204","942481706215174204"
"925729625580113951","969922202550038588","942409310867177532","942386781783982090","942481706215174204"
"925729625580113951","969924007195443251","942409310867177532","942386781783982090","942481706215174204"
"925729625580113951","969924323152379925","942409310867177532","942386781783982090","942481706215174204"
"933706031517802536","969924712329273394","953558714584031292","935897484952231958","947582133394878474"
"925729625580113951","969927046539149362","942409310867177532","942386781783982090","942481706215174204"
"933706031517802536","969927163686043668","953558714584031292","935897484952231958","947582133394878474"
"943483956664356894","969956041011888209","967042723574087690","943573712647643186","943491280271446056"
"925729625580113951","970031621635993640","925737886400266260","934190742564393001","934190742564393001"
"918191764312051793","970287665654136853","937008377303814174","951801240491270194","951801240491270194"
"937295768908353577","970352069322113075","938861529971961937","948906668555632640","948906668555632640"
"937295768908353577","970394361584042034","938861529971961937","948906668555632640","948906668555632640"
"941035429203968062","970421046513664060","941035429262680069","941035429292036169","941035429292036169"
"941035429203968062","970421772170170368","941035429203968069","941035430218956848","941035429292036169"
"966811756376776724","970655283468701738","968115390788030504","967163277203353641","967161222283800576"
"970706615441449020","971026800744468540","970718982246105168","970719199209091082","970719199209091082"
"970706615441449020","971027155985264694","970718982246105168","970719199209091082","970719199209091082"
"970706615441449020","971071220382584842","970718982246105168","970719199209091082","970719199209091082"
"970706615441449020","971071501195436142","970718982246105168","970719199209091082","970719199209091082"
"970706615441449020","971071830259560458","970718982246105168","970719199209091082","970719199209091082"
"970706615441449020","971072122938069012","970718982246105168","970719199209091082","970719199209091082"
"970706615441449020","971072344858693682","970718982246105168","970719199209091082","970719199209091082"
"970706615441449020","971072575197311026","970718982246105168","970719199209091082","970719199209091082"
"971122193918476298","971147131350048768","971145287655641148","971144729414758440","971144729414758440"
"971122193918476298","971147311369584690","971145287655641148","971144729414758440","971144729414758440"
"971122193918476298","971147455347437648","971145287655641148","971144729414758440","971144729414758440"
"875338422800224257","971729436443549696","875339098078998569","875410475595210844","875363272033984572"
"968162980946673756","971729839767826472","968162981303177329","968162982586622113","971729444932825218"
"967509883727527956","972054497201373194","972045577779048458","972045580958330890","971838317261914172"
"966811756376776724","972515298211147786","968115390788030504","967163277203353641","970656828759351306"
"957570280526585886","972588888856096818","969665688950149142","965005120402235422","965005120402235422"
"957570280526585886","972589266918080512","957600895028326400","965005120402235422","965005120402235422"
"957570280526585886","972589623236755526","969655003407089724","965005120402235422","965005120402235422"
"966978675251744779","972971095114260480","966978676078022659","972960893820370974","972960893820370974"
"966978675251744779","972971330901254205","966978676078022659","972960893820370974","972960893820370974"
"966978675251744779","972971743662702632","966978676078022659","972960893820370974","972960893820370974"
"973267734597087272","973280805487017984","973279815446695996","973268377462276137","973268377462276137"
"966978675251744779","973599336258752552","973142352094982194","972960893820370974","972961864839495680"
"966978675251744779","973608943563722792","966978676078022656","973608898013564958","973608623353790474"
"966978675251744779","973609216956846171","966978676078022656","973608898013564958","973608623353790474"
"966978675251744779","973609422112845934","966978676078022656","973608898013564958","973608623353790474"
"676115729124425737","974281284576739398","926962774297423882","968500217156599849","967835864531083324"
"676115729124425737","974282628045873182","926962774297423882","968500217156599849","967835864531083324"
"918191764312051793","974395442076995584","918223120760995923","920370214334513252","920370214334513252"
"918191764312051793","974396164793327646","918223120760995923","951801240491270194","951801240491270194"
"918191764312051793","974396347572682842","918223120760995923","951801240491270194","951801240491270194"
"918191764312051793","974396562459492412","918223120760995923","951801240491270194","951801240491270194"
"965566481322606592","974727434442268702","971463471386488912","973226754388942929","973226754388942929"
"952522642357899274","975087197822812200","974376084181254205","975086167651385375","975086167651385375"
"968517772365676565","975096931191779408","968517772546019362","968517774450241565","968517774450241565"
"968517772365676565","975097614477451294","968517772546019362","968517774450241565","968517774450241565"
"968517772365676565","975098264678453328","968517772546019363","968517774450241565","968517774450241565"
"968517772365676565","975099126293364746","968517772546019363","968517774450241565","968517774450241565"
"968517772365676565","975099372931006504","968517772546019360","968517774450241565","968517774450241565"
"968517772365676565","975099667450839070","968517772546019360","968517774450241565","968517774450241565"
"975016596110180402","975107992578048041","975016670013816833","975021808694730783","975022296257413209"
"975080509174579260","975120090506883172","975080509233324038","975119846629064784","975119941567143976"
"966811756376776724","975329244513206323","968115390788030504","967163277203353641","975329219569659934"
"966811756376776724","975329482435100692","968115390788030504","967163277203353641","975329219569659934"
"914094159827185674","975392351407202365","967536478043373680","975389440958685236","975390319128481812"
"914094159827185674","975393697002840134","967536479180038244","975389598194749520","975390319128481812"
"914094159827185674","975394255692529674","947541379809161256","975389745452576778","975390319128481812"
"914094159827185674","975394893952335924","955197044111339520","975389598194749520","975390319128481812"
"966811756376776724","975462963223883787","968115390788030504","967163277203353641","975329219569659934"
"966811756376776724","975463632190210128","968115390788030504","975329219569659934","975329219569659934"
"966811756376776724","975468023282565170","968115390788030504","967163277203353641","975329219569659934"
"975513831394648074","975532832556470304","975532493996453928","975527646278590475","975527646278590475"
"975513831394648074","975533718703849473","975533554748497941","975527646278590475","975527646278590475"
"963099143268626432","975782145706586122","963099143285399555","968589457202765854","975782120440086568"
"943483956664356894","975783338063315044","943494492235890779","943573712647643186","943491280271446056"
"943483956664356894","975783558666940466","943494492235890779","943573712647643186","943573712647643186"
"963099143268626432","975784453995655240","963099143285399555","968589457202765854","975782120440086568"
"963099143268626432","975784915486519367","963099143285399555","968589457202765854","975782120440086568"
"963099143268626432","975785132185255996","963099143285399555","968589457202765854","975782120440086568"
"920353415022936124","975823983880589462","920353415022936131","920353415396200503","920353415396200503"
"964960515552059442","975839702894665849","964961063089111090","964971235358429204","964971235358429204"
"975513831394648074","976123599985467422","975532493996453928","976123111827189810","976123111827189810"
"975513831394648074","976124000537301052","975533554748497941","976123247806521374","976123247806521374"
"965566481322606592","976139529050259507","976121289272078387","973226754388942929","973226754388942929"
"905892043807678504","976152487348301915","934139725130891265","970040634243153961","974634572123893760"
"965566481322606592","976493880235147344","976157448471736430","973226754388942929","973226754388942929"
"975466086730436628","977429800035688459","977314621201465344","977429509873745920","977429540823498762"
"975466086730436628","977429979216359444","977314621201465344","977429509873745920","977429540823498762"
"976101529733955634","977542466486014023","976101529889173512","976101530447011856","976101530447011856"
"976101529733955634","977542820774686741","976101529889173513","976101530447011856","976101530447011856"
"933706031517802536","977585004626452520","933707802109702186","933708964804325466","933708964804325466"
"933706031517802536","977585344750948362","953558714584031292","935897484952231958","935897484952231958"
"925729625580113951","977585687408836699","942409310867177532","942386781783982090","942481706215174204"
"877291515838361690","977854872873496586","972817703066828810","965741129096134746","972541770904772608"
"977632897840349204","977856863922163732","977854737007386654","977852966130315325","977701156149161984"
"977448889886052352","978023417599111168","978007667694006292","978007710110978168","978007710110978168"
"977632897840349204","978578558916128778","977854737007386654","978577771246792734","978577771246792734"
"968909601422573638","978629342663954503","968909601485500497","975724363720577044","975724363720577044"
"968909601422573638","978629557810765857","968909601485500497","975724363720577044","975724363720577044"
"968909601422573638","978629700995928134","968909601485500497","975724363720577044","975724363720577044"
"968909601422573638","978630013064716298","968909601485500497","975724363720577044","975724363720577044"
"965566481322606592","978666488888188928","976157448471736430","978589050237767680","978589050237767680"
"968909601422573638","978680968971972648","968909601485500497","975724363720577044","975724363720577044"
"968909601422573638","978681575178924052","968909601485500497","975724363720577044","975724363720577044"
"968909601422573638","978681696826294343","968909601485500497","975724363720577044","975724363720577044"
"968909601422573638","978681907158077440","968909601485500497","975724363720577044","975724363720577044"
"906867698447822889","978711220561514506","978711047567474778","978711158632644638","978711158632644638"
"968909601422573638","978935924803129355","968909601485500497","975724363720577044","975724363720577044"
"968909601422573638","978936132970639410","968909601485500497","975724363720577044","975724363720577044"
"968909601422573638","978936290454175754","968909601485500497","975724363720577044","975724363720577044"
"897900673931284530","978989035747942420","897900674036158515","970099917676773376","970095371734896640"
"977632897840349204","979297352428961802","977854737007386654","978577771246792734","978577771246792734"
"977892671458779136","979305748397953064","977914427313627156","978366197789769768","978366197789769768"
"977892671458779136","979306200116109352","977914427313627156","977985300657766420","977985300657766420"
"977892671458779136","979306424020652072","977914427313627156","977985300657766420","977985300657766420"
"977892671458779136","979306759648870480","977914427313627156","977985300657766420","977985300657766420"
"964485182637871104","979401069677404180","964988047273906256","964485698314989638","964485698314989638"
"964485182637871104","979402846384586752","964988047273906256","964485698314989638","964493164717158440"
"836169138263031808","979636427002380289","968134599819546645","979636258915635220","979636258915635220"
"836169138263031808","979637392573087794","968134599819546645","979636258915635220","979636258915635220"
"858385174663266304","979810380232659025","925793318238052402","926761847489724476","926761847489724476"
"979684100279509002","980026871859277854","979684100279509008","979684100300501001","979684100300501001"
"979684100279509002","980027070585376838","979684100279509008","979684100300501001","979684100300501001"
"979684100279509002","980027243193589800","979684100279509008","979684100300501001","979684100300501001"
"979801162851155988","980215676880969749","980215462333915186","980215077678514256","980215582131638292"
"896713953412001793","980238327288590408","973989114930135111","974599282843856907","974599321842495538"
"980407227074637825","980416875425058826","980408595764097044","980416242785607701","980416846975107082"
"980407227074637825","980417006291525642","980408595764097044","980416242785607701","980416846975107082"
"980407227074637825","980417197031694397","980408595764097044","980416242785607701","980416846975107082"
"914094159827185674","980852686138257518","980852255026741248","980846929867079751","975390319128481812"
"914094159827185674","980854922302070926","967536478043373680","975389440958685236","975390319128481812"
"914094159827185674","980859871584989204","955197044111339520","975389598194749520","975390319128481812"
"914094159827185674","980870757758414928","955197044111339520","980870274339729448","975390319128481812"
"965566481322606592","980902966666088529","976157448471736430","978589050237767680","978589050237767680"
"973984199545602148","981992976995733554","973984199751106597","973984201558859806","973984201336586359"
"952318312182865971","983067119283486720","983022048936853544","959161511077613659","959161511077613659"
"984083592110039120","984131210496319508","984112553309376532","984128340204085301","984131183724073000"
"969229021244178462","984162523328696381","969229021260963868","969229021273550891","969229021575512094"
"948310338602958888","984163595455692840","955909858979364955","949649614313771038","949649614313771038"
"914094159827185674","984581900972740608","959501861268914206","984581161856692295","975390319128481812"
"914094159827185674","984784701472509952","967536478043373680","975389440958685236","975390319128481812"
"914094159827185674","984785208677117952","955197044111339520","975389598194749520","975390319128481812"
"914094159827185674","984785721539829860","979849322881507408","980846929867079751","975390319128481812"
"984781186176024596","984949292525584404","984935977736871987","984949194374672465","984949225135702066"
"984781186176024596","984949870005739600","984935977736871987","984949194374672465","984949225135702066"
"966811756376776724","985490993690320916","976493284077760562","967163277203353641","975329219569659934"
"966811756376776724","985491246334234654","966813187523641395","967163277203353641","975329219569659934"
"966811756376776724","985491963140767744","966817112838504480","967163277203353641","975329219569659934"
"914094159827185674","985581853316636702","955197044111339520","975389598194749520","975390319128481812"
"914094159827185674","985582059575730227","975651106057224212","975389598194749520","975390319128481812"
"914094159827185674","985582367852855327","977205491484753930","975389598194749520","975390319128481812"
"914094159827185674","985582629313200208","975420924750872576","975389598194749520","975390319128481812"
"914094159827185674","985639179985747998","955197044111339520","975389598194749520","975390319128481812"
"965686695418794034","986656102215221278","986655121880530964","986656041192259605","986655619354337320"
"965686695418794034","986657429234266162","986657206005026826","986657383986106428","986655619354337320"
"983090527635406868","986993328493043752","983091613570039858","983090527635406869","983094189225041981"
"983090527635406868","986993827862708314","983091132621791232","983090527635406869","986993465730674758"
"977632897840349204","987030647128326154","977637160645718118","977638083782656061","977638083782656061"
"963541530533036042","987291121849876500","963710315806212126","963710330402406430","963710330402406430"
"896713953412001793","987319788583919647","986261704302293042","987319642353717278","986301574609526784"
"974804274414497802","987446809825775616","979423284984684614","979421340136255558","979421340136255558"
"974804274414497802","987448406500851755","979423284984684614","979421340136255558","987447793012588595"
"974804274414497802","987449311803637781","979423284984684614","979421340136255558","987447793012588595"
"974804274414497802","987451638639898624","979423284984684614","987451446695952455","987451446695952455"
"974804274414497802","987451916583854200","979423284984684614","987451543336939550","987451543336939550"
"974804274414497802","987754328309768223","979423284984684614","979421340136255558","979421340136255558"
"981424981563019284","987821716950622330","987742278518976532","987820173203501056","987821686248325130"
"981424981563019284","987822932514439288","987742278518976532","987822857222504458","987821686248325130"
"981424981563019284","987823386564648990","987742278518976532","987823319237689355","987821686248325130"
"983090527635406868","988494386402840576","983091132621791232","986993465730674758","986993465730674758"
"981988517594923008","988787294179848232","987067183538520115","981988518047940649","981988518047940649"
"981988517594923008","988788476134690826","987067183538520115","981988518047940649","981988518047940649"
"973289734057132092","988795384484724756","973289734099046456","980105868240633926","980105868240633926"
"973289734057132092","988817484121526373","973289734099046456","980105868240633926","980105868240633926"
"973289734057132092","988817926910017607","973289734099046456","980105868240633926","980105868240633926"
"973289734057132092","988818206602969169","973289734099046456","980105868240633926","980105868240633926"
"988862173910540308","988910382527692881","988910271764529173","988909471600353300","988909471600353300"
"988862173910540308","988911022574305300","988910271764529173","988909471600353300","988909471600353300"
"988862173910540308","988911310429360139","988910271764529173","988909471600353300","988909471600353300"
"914094159827185674","989439088501350401","967536478043373680","975389440958685236","975390319128481812"
"914094159827185674","989439684168024084","955197044111339520","975389598194749520","975390319128481812"
"989982531787063356","990002158969712691","989996157751132171","989984356615471205","989984356615471205"
"983090527635406868","990221557165092894","983091132621791232","986993465730674758","986993465730674758"
"983090527635406868","990221731186749470","983091132621791232","986993465730674758","986993465730674758"
"983090527635406868","990222012561641482","983091132621791232","986993465730674758","986993465730674758"
"983347878737117254","990289287633309806","983347878737117255","983347879894716418","983347879894716418"
"989875687412346940","990312060057423882","989879058642894898","989911677875150919","990312019825688576"
"989875687412346940","990312644844089374","989895843589025832","989911677875150919","990312019825688576"
"989875687412346940","990313264716075178","989879058642894898","989911677875150919","990312019825688576"
"984928443173068880","990399157908946976","987737017171460216","987723495544852551","987728749887905832"
"990646935419490394","990652899015147520","990646935507578954","990646936971411523","990646936971411523"
"969886960632098836","990689515234553887","969886960632098836","969886960632098838","969886960632098838"
"777886844334505995","990936522259832882","990908699520405534","990908734521868348","990908733561380884"
"978345087912280104","991309532494041118","990173227911364649","988209657438941214","988209829334102026"
"973289734057132092","992131845233840158","973289734099046456","980105868240633926","980105868240633926"
"992503794338381924","992522273854599249","992508488955740303","992522103611990047","992522244653850664"
"992503794338381924","992522508332969984","992507721540710431","992522103611990047","992522244653850664"
"992503794338381924","992522733265100861","992507504942649386","992522103611990047","992522244653850664"
"992503794338381924","992833471573655662","992508488955740303","992522103611990047","992503794338381925"
"974804274414497802","993229142499807373","979423284984684614","979421340136255558","979421340136255558"
"991077431387496518","993414737352196106","993410752457232444","993414545274052659","993414715118202900"
"802922473225191476","994236457940172827","930499646156058644","931588763350622219","994236427296579625"
"991077431387496518","994354166178783273","993629192694530050","993414545274052659","993414715118202900"
"973890179892936744","994493206643343371","974519454262243358","973890179892936748","973890179892936748"
"973890179892936744","994495899025809428","974519454262243358","986011955389157387","986011955389157387"
"973890179892936744","994503077442883605","974519454262243358","986011955389157387","986011955389157387"
"973890179892936744","994503695536496640","974519454262243358","986011955389157387","986011955389157387"
"973890179892936744","994504146608726098","974519454262243358","986011955389157387","986011955389157387"
"973890179892936744","994504820251697172","974519454262243358","986011955389157387","986011955389157387"
"977632897840349204","994605793028604025","977637160645718118","978577771246792734","977930059220394044"
"994637056192032768","994710419014946896","994642167060517055","994709834417045524","994709834417045524"
"994600850389487648","994914955973369947","994711754271629433","994914581640138842","994911071116730469"
"973890179892936744","994962679213084806","974519454262243358","986011955389157387","986011955389157387"
"973890179892936744","995043836290158772","974519454262243358","986011955389157387","986011955389157387"
"960991044302946354","995605416857829387","973680390390816779","986514835317620746","986514835317620746"
"960991044302946354","995709228025126992","973680390390816779","986514835317620746","986514835317620746"
"974804274414497802","995740372804309053","979423284984684614","979421340136255558","979421340136255558"
"974804274414497802","995740909792673883","979423284984684614","979421340136255558","979421340136255558"
"974804274414497802","995741428477087824","979423284984684614","979421340136255558","979421340136255558"
"977632897840349204","995754555587428394","977854737007386654","978577771246792734","978577771246792734"
"960991044302946354","995953875775406211","973680390390816779","986514835317620746","986514835317620746"
"960991044302946354","995964004835008552","973680390390816779","986514835317620746","986514835317620746"
"973289734057132092","995991680933183528","993546135820054659","994590646977445929","994590646977445929"
"973289734057132092","996016808798736444","987068696440766510","996016240579575829","996016240579575829"
"960991044302946354","996094858752172072","973680390390816779","960991044797861970","960991044797861970"
"920968061526364210","996107155662962801","967481844297760809","967482170300047371","967482170300047371"
"973289734057132092","996125636219383901","993545419843960862","980105868240633926","980105868240633926"
"973289734057132092","996126083319611443","993545419843960862","980105868240633926","980105868240633926"
"973289734057132092","998224148746739893","993546135820054659","994590646977445929","994590646977445929"
"973289734057132092","998253714022334505","993545419843960862","998251179211497522","998251179211497522"
"973289734057132092","998256794134663249","993545419843960862","998251179211497522","998251179211497522"
"973289734057132092","998642481447059589","993546135820054659","994590646977445929","994590646977445929"
"973289734057132092","998650174190649385","993545419843960862","998251179211497522","998251179211497522"
"973289734057132092","998651956836962314","993545419843960862","998251179211497522","998251179211497522"
"973289734057132092","999234752198492172","993545419843960862","998251179211497522","998251179211497522"
"999314010606411896","999328978978488430","999317201767108668","999328623423135895","999328666637045890"
"999314010606411896","999329524783263764","999317201767108668","999328623423135895","999328666637045890"
"999314010606411896","999330011158941807","999329116027363368","999328623423135895","999328666637045890"
"998203664822980738","999390163916554332","998247465176268850","998243929990373457","998243929990373457"
"998203664822980738","999390492397682829","998247465176268850","998243929990373457","998243929990373457"
"989961082833608795","999406793346261105","990237993107345469","989961082833608796","989961082833608796"
"965566481322606592","999617381158617109","965569912955371530","988786943393411082","988786943393411082"
"999711820262674522","999726102740205639","999725845008634007","999713163048140883","999723678805794927"
"973289734057132092","999976416542195772","993545419843960862","998251179211497522","998251179211497522"
"973289734057132092","999977883588100106","993545419843960862","973289734304575581","998251179211497522"
"973289734057132092","1000104582262837248","980079791959048212","998251179211497522","998251179211497522"
"973289734057132092","1000105281331679262","990963266278789181","998251179211497522","998251179211497522"
"942775434611941396","1000331669619871765","942775726636150824","942775434611941397","942802970947510362"
"996087640619221052","1000339395980832868","996298425765199872","1000321730633551952","1000321730633551952"
"1000366079211753552","1000677006662447144","1000368248660959282","1000676893613359184","1000366079211753554"
"1000366079211753552","1000677552932802640","1000368248660959282","1000676893613359184","1000370107211591802"
"973289734057132092","1000744262255779911","993546135820054659","998251179211497522","998251179211497522"
"996816540806696980","1001088642082684938","996816540898963589","996816541469388883","996816541469388883"
"1000478577738928268","1001095549883273277","1000478687227039795","1001093852947558440","1001093852947558440"
"988078038531076146","1001129025500106975","999070119290470562","1001107760848580608","999053929474162768"
"974804274414497802","1001166896424558713","979423284984684614","979421340136255558","979421340136255558"
"912454427162578964","1001203884385108049","954833356313481297","912734487459295232","955033426514313246"
"912454427162578964","1001204507033731143","954833356313481297","997058646410272849","955033426514313246"
"912454427162578964","1001205784140599379","1001204740367056957","912734487459295232","1001205722735968276"
"996087640619221052","1001230013477159012","996298425765199872","1000321730633551952","1000341115230228500"
"973289734057132092","1001391319194804255","993545419843960862","998251179211497522","998251179211497522"
"973289734057132092","1001394430336569384","993545419843960862","998251179211497522","998251179211497522"
"912454427162578964","1001398572496977920","1001204740367056957","997058964116230174","1001205722735968276"
"993465450484731925","1001475180524212316","993466554882719754","997094700832006218","997094700832006218"
"909422299587964988","1001489808381710541","1001247480857509908","1001247551468613684","1001247556879265874"
"1000478577738928268","1001523402756067508","1001523038111662100","1001520312875237526","1000698826589487224"
"1000478577738928268","1001524711311810630","1000486316728930354","1001520312875237526","1000698826589487224"
"1000478577738928268","1001525519889748058","1000486316728930354","1001520312875237526","1000698826589487224"
"1000478577738928268","1001526380326035616","1000486316728930354","1001520312875237526","1000698826589487224"
"1000557173593612408","1001647319462203433","1001647242735796314","1001646647295627284","1001646647295627284"
"1000478577738928268","1001860282546667561","1001523038111662100","1001860238007357653","1000698826589487224"
"1000557173593612408","1001939163265912922","1000694485501624410","1001646647295627284","1001646647295627284"
"646045583093530635","1001952460677582929","646048454652723210","646045583093530636","646045583093530636"
"646045583093530635","1001987744647626822","646048454652723210","646045583093530637","646045583093530637"
"1000366079211753552","1002133244013187113","1000368248660959282","1000676893613359184","1000370107211591802"
"1000793798072340522","1002184119125540914","1000793798072340529","1000793798793760795","1000793798793760797"
"948595942448320653","1002209832318795776","993591109706068010","993837582582550528","993837582582550528"
"948595942448320653","1002210367776227479","993591109706068010","993837582582550528","993837582582550528"
"973289734057132092","1003034803760791613","993545419843960862","998251179211497522","998251179211497522"
"973289734057132092","1003035104135876628","993545419843960862","998251179211497522","998251179211497522"
"1003036756901363732","1003042042781368381","1003041365384507502","1003040863120805898","1003040863120805898"
"997188963074834563","1003343237920067614","997205679855120544","997205694057029703","997521914664861737"
"997188963074834563","1003343693085941850","997205679855120544","997521914664861737","997521987914186863"
"997188963074834563","1003343810018934894","997205679855120544","997521914664861737","997521987914186863"
"997188963074834563","1003343918932426762","997205679855120544","997521914664861737","997521987914186863"
"997188963074834563","1003344036372942941","997205679855120544","997521914664861737","997521987914186863"
"997188963074834563","1003344139770921020","997205679855120544","997521914664861737","997521987914186863"
"997188963074834563","1003344969160986654","1003344617753817250","1001481551076413490","1001481596907561041"
"646045583093530635","1003383835783860347","646048454652723210","646045583093530636","646045583093530636"
"999561154655440928","1003603140353986590","999567194906177666","999591565850841118","1003601198282199040"
"999561154655440928","1003612384457400322","1003611687787704461","1003610705586573393","1003612342237536286"
"999561154655440928","1003613253127122995","999562005583253514","1003610705586573393","1003612342237536286"
"973289734057132092","1003634533519867924","993545419843960862","998251179211497522","998251179211497522"
"973289734057132092","1003634762428203049","993545419843960862","998251179211497522","998251179211497522"
"973289734057132092","1003636281357635584","993545419843960862","998251179211497522","998251179211497522"
"999561154655440928","1003670888203419748","999584559949697024","1003610705586573393","1003612342237536286"
"997188963074834563","1003715419028336821","997205679855120544","997521914664861737","997521987914186863"
"997188963074834563","1003715714177302528","1003344617753817250","1001481551076413490","1001481596907561041"
"1003667793381691392","1003763720704499803","1003763650139525150","1003667793952129028","1003667793952129028"
"1003667793381691392","1003770211620638760","1003763650139525150","1003667793952129028","1003667793952129028"
"898666069303119955","1003787812681809960","984731511381192764","898846718173515796","1000356232344899674"
"967873288636334110","1003836851976671304","1003830311571951757","1003825459819188285","1003820030905028718"
"1003958308283109387","1004035707121189035","1003959843025080330","1004032578623381564","1004032578623381564"
"1003073337116860468","1004054111257370766","1003074570888151081","1003081579687587842","1003081581180768276"
"1003073337116860468","1004054872183808100","1003075273249529936","1003081579687587842","1003081581180768276"
"1004149370779861163","1004151467353047181","1004149914432974970","1004150898957750322","1004150898957750322"
"1000832197319720960","1004159853704532060","1003771600195289089","1002710336731885680","1002710336731885680"
"998203664822980738","1004326803361517599","998247465176268850","1004325726532669460","1004325726532669460"
"836132315809316878","1004363110406164511","994633680502935624","965922325314805790","965922423746752552"
"1000366079211753552","1004768467557285939","1000368248660959282","1000676893613359184","1000370107211591802"
"1000832197319720960","1004876765757444228","1002270877540421704","1002710336731885680","1002630903224356924"
"999561154655440928","1005015165877616820","999562005583253514","1003610705586573393","1003610705586573393"
"949281699899007037","1005416048771739700","967721627334893628","949289727507460167","949289727507460167"
"972184158665310239","1005528678903595129","1004766346975907990","1004711722428416000","1005528465782620232"
"972184158665310239","1005529117439053844","1004766346975907990","1004711722428416000","1005528465782620232"
"989961082833608795","1005762111877681172","993192614788616293","989961082833608796","989961082833608796"
"1004149370779861163","1005927390368763924","1004149530322796584","1004463393085849632","1004463393085849632"
"1004149370779861163","1005927691956002967","1004149914432974970","1004150898957750322","1004150898957750322"
"1004788904249016461","1006080640271253504","1004792159171514438","1004834648079216741","1004837230684147773"
"1004788904249016461","1006081176152313896","1004792159171514438","1004834648079216741","1004837230684147773"
"1004788904249016461","1006098307279499284","1004792159171514438","1004834648079216741","1004837230684147773"
"990688466448834611","1006551104944873493","998594383186235503","991052343904702514","991052343904702514"
"959783558787006465","1006604985838080051","1001557087119212574","1005042716733878354","1006604957778202774"
"1000066513333661736","1006611954514792630","1000070167851700244","1000070465018138704","1000070468126134282"
"775145940020887572","1006646874863833258","1006639285241397349","1006638010147807372","1006638011221545062"
"775145940020887572","1006647309003657336","1006639285241397349","1006638007639605268","1006638008935665768"
"775145940020887572","1006659420102606889","1006655751089033377","1006659097321545888","1006659317778354267"
"775145940020887572","1006661015250948196","1006655751089033377","1006659875650154506","1006660109264498819"
"957242463284764732","1007340723173077053","957242634664046632","1005904357381902357","1005904357381902357"
"957242463284764732","1007597869395628044","1007359874117677106","1007381967119073351","1007381967119073351"
"777886844334505995","1008140093678178397","1006867161203089408","1007072561886134363","1006886630122082364"
"777886844334505995","1008140832941035530","1006867161203089408","1006867214483329044","1006886630122082364"
"777886844334505995","1008141139326533682","1006867138432221265","1006867215833890916","1006886630122082364"
"979142025112858685","1008469934059298978","996051813910458471","980261171867299850","980261171867299850"
"973289734057132092","1008473390144823457","993545419843960862","998251179211497522","998251179211497522"
"855864117894447145","1008516084313366628","1008385477721722882","986286719533989988","1008515656238518302"
"855864117894447145","1008516554259955933","1008385477721722882","986286719533989988","1008162123945365554"
"999608734261190698","1008678470324322335","1003325362513645612","999608736110891058","999608736110891058"
"979142025112858685","1008822733712392272","979719461508632606","980261171867299850","980261171867299850"
"912454427162578964","1008827837094056087","954833356313481297","912734487459295232","955033426514313246"
"912454427162578964","1008829231884664892","936972609160089630","1008828335624814633","1008828492298866739"
"912454427162578964","1008829949953720430","1001204740367056957","912734487459295232","1001205722735968276"
"957242463284764732","1009094725581680731","1007359874117677106","1007381967119073351","1007381967119073351"
"1009124461670309909","1009154345960489110","1009142951345139782","1009154123758841897","1009154230197690459"
"1009124566544695357","1009156050232021072","1009155455362277526","1009155810389143623","1009155927276011624"
"1009133332342255716","1009159834320507002","1009133739865030777","1009154823297454120","1009144987423887491"
"1009133332342255716","1009203602893582476","1009134353013547129","1009153985388761115","1009144987423887491"
"1009133332342255716","1009204238582304878","1009134353013547129","1009154014488821832","1009144987423887491"
"855864117894447145","1009237787897233470","1006846955864997919","1008162123945365554","1008515656238518302"
"1009124461670309909","1009385872040411206","1009127405622935644","1009154123758841897","1009154230197690459"
"1009124461670309909","1009386823816052747","1009142951345139782","1009154123758841897","1009154230197690459"
"911601469164253254","1009455259669758113","1002238179111354458","1002196899291484301","1002196899291484301"
"911601469164253254","1009455982209945701","1002238179111354458","1002196899291484301","1002196899291484301"
"1000066513333661736","1009480257943900332","1000066513367212127","1000070416917876796","1000070407929462854"
"992875678284390432","1009489843350405131","992884558800371744","992876848377770015","992883238299254910"
"992875678284390432","1009490952605421599","992884610721652796","992882401581744288","992883238299254910"
"992875678284390432","1009491293321318430","992884610721652796","992882401581744288","992883238299254910"
"1009020828559613983","1009495371300470825","1009053787740180560","1009032658904424529","1009032658904424529"
"992875678284390432","1009497997677183047","1009493637635252336","992875863316103168","992875863316103168"
"992875678284390432","1009498045123154021","1009487657572761641","992882401581744288","992883238299254910"
"852201283690692628","1009528108258443374","967355175515873310","997307514418905168","997307514418905168"
"911601469164253254","1009763627139612783","1002238179111354458","1002196899291484301","1002196899291484301"
"999561154655440928","1009788456299413504","999584937860673556","1003610705586573393","1003612342237536286"
"1009496911348256799","1009878179210608671","1009855755660308520","1009853638820245576","1009853638820245576"
"912454427162578964","1009901339905626142","954833356313481297","997058646410272849","955033426514313246"
"912454427162578964","1009934091250049094","997604454981435480","1008828335624814633","1008828492298866739"
"912454427162578964","1009934630092292138","1001204740367056957","997058964116230174","1001205722735968276"
"992875678284390432","1010114661242384444","1009887841830055936","1010113938354081843","1010114406891405395"
"992875678284390432","1010114829165539390","1009887841830055936","1010114221394116669","1010114406891405395"
"1010149535248551947","1010157477926551603","1010157313199456256","1010149536263581716","1010149536263581717"
"972757251641180170","1010166691319259186","972757251678945324","972757252467486770","972757252467486770"
"990688466448834611","1010184197752750161","992692005278855228","991052343904702514","991052343904702514"
"1009812824010260620","1010188536655388753","1010186831431741593","1010186940873719940","1010188202977529906"
"1009812824010260620","1010189468550049933","1010186831431741593","1010186940873719940","1010188202977529906"
"957242463284764732","1010283288469983262","1010279830018855002","1010279814554472589","1010279814554472589"
"700782485876768928","1010462406545248318","1010462066617880588","1010461649796341811","1010461649796341811"
"700782485876768928","1010464567664582706","1010462066617880588","1010461649796341811","1010461649796341811"
"700782485876768928","1010529408563544154","979454551730053122","1010461649796341811","1010461649796341811"
"700782485876768928","1010529678571872306","979454551730053122","1010524592449794109","1010524592449794109"
"700782485876768928","1010530879392710737","979454551730053122","1010461649796341811","1010461649796341811"
"1009812824010260620","1010534263541731358","1010179834045014056","1010186705929764914","1010186705929764914"
"1009812824010260620","1010534630539132970","1010179834045014056","1010186705929764914","1010188266877747200"
"1009812824010260620","1010535075596730398","1010179834045014056","1010186705929764914","1010188266877747200"
"992875678284390432","1010566518901309511","1009862649883922512","992882401581744288","1010114221394116669"
"914094159827185674","1010568386041888879","967536478043373680","975389440958685236","975390319128481812"
"914094159827185674","1010568702007185510","955197044111339520","975389598194749520","975390319128481812"
"914094159827185674","1010575519462461492","955197044111339520","975389598194749520","975390319128481812"
"914094159827185674","1010575853844975687","967536478043373680","975389440958685236","975390319128481812"
"914094159827185674","1010579189080010854","955197044111339520","1010578386097287238","975390319128481812"
"768228694736371732","1010634948664893452","768229183905202236","1010633913015734302","768228694736371733"
"683059539054297159","1010643861770612806","683435512425611270","787646868397228052","683436045643153419"
"964960515552059442","1010672403724107957","1010488149891367003","964971235358429204","964971235358429204"
"964960515552059442","1010673548966248550","1010488149891367003","964971235358429204","964971235358429204"
"1004491940533895239","1010674395649409024","1005977001053671555","1004491941167239260","1004491941167239260"
"964960515552059442","1010675824116121700","1010489327035371570","964971235358429204","964971235358429204"
"1006662489213239406","1010677593260949534","1008426313540960257","1009824675687313450","1009824675687313450"
"964960515552059442","1010678437310120037","1010488149891367003","964971235358429204","964971235358429204"
"964960515552059442","1010679713234161785","1010490632143388742","964971235358429204","964971235358429204"
"964960515552059442","1010683685722407053","1010488149891367003","964971235358429204","964971235358429204"
"964960515552059442","1010686416717611089","1010488149891367003","964971235358429204","964971235358429204"
"964960515552059442","1010688880925737040","1010488149891367003","964971235358429204","964971235358429204"
"964960515552059442","1010689688786440204","1010488149891367003","964971235358429204","964971235358429204"
"1009502426061086801","1010692005661257799","1010126521853292555","1009503868087967824","1009503868087967824"
"1009124566544695357","1010805936249647135","1010226134652297307","1010226191267024926","1010226191267024926"
"1009124566544695357","1010806229569916969","1010226134652297307","1010230324648747058","1010230324648747058"
"1009124566544695357","1010806651957289071","1010226134652297307","1010230324648747058","1010230324648747058"
"1009124566544695357","1010807008712212540","1010226134652297307","1010230324648747058","1010230324648747058"
"992875678284390432","1010835157273559080","1009493637635252336","1010114221394116669","1010114221394116669"
"992875678284390432","1010835360072339516","1009493637635252336","1010113938354081843","1010113938354081843"
"964960515552059442","1010871983434649660","1010488149891367003","964971235358429204","964971235358429204"
"972757251641180170","1010888535697543168","972757251678945324","972757252467486770","972757252467486770"
"972757251641180170","1010889394938458133","1010888770708582411","972757252467486770","972757252467486770"
"1010881989349482527","1010889906060525638","1010886606107979796","1010889598475436114","1010889660127527032"
"925729625580113951","1010966603497754684","945671875642671146","942386781783982090","942481706215174204"
"964960515552059442","1010968024368562217","1010490632143388742","964971235358429204","964971235358429204"
"948595942448320653","1010978144037126154","994199220821164154","994327000695177317","994327000695177317"
"948595942448320653","1011179479391023164","993952313494470756","993837582582550528","993837582582550528"
"948595942448320653","1011179555416985600","993952313494470756","993837582582550528","993837582582550528"
"1002707762544914535","1011279059579314286","1002707762876252246","1002707764772081750","1002707764772081750"
"886328523701223504","1011280318654844938","1011279628540850277","959898712077922394","959898712077922394"
"931905307314114641","1011354662781329428","931925176554229820","931921128413351966","931921128413351966"
"983348899525828638","1011367856052633600","983348899790069852","1008415331464773633","1008415331464773633"
"911601469164253254","1011424785617649674","1002238179111354458","1011015238449119263","1011015238449119263"
"911601469164253254","1011425146629800078","1002238179111354458","1011015238449119263","1011015238449119263"
"911601469164253254","1011426423765995700","1002238179111354458","1011015238449119263","1011015238449119263"
"1009124566544695357","1011648994352578572","1009155455362277526","1011647426198769725","1011647426198769725"
"1011670302226386995","1011674635231842394","1011670302503211054","1011670305464389642","1011670305829306384"
"963804023100698645","1011678111961714898","1011677646125543446","1011677946408341564","1011678042663440454"
"988378814184820776","1011680935479087194","1010604572621938809","988524003901730866","988742015942549554"
"1012013249723637831","1012019312929816616","1012019097715867699","1012013251837563041","1012013251837563041"
"1012049443891204236","1012096869071065159","1012083485663580271","1012084922766331904","1012096120257794078"
"912454427162578964","1012236588056580146","1001204740367056957","997058964116230174","1001205722735968276"
"912454427162578964","1012237361746296842","954833356313481297","997058646410272849","955033426514313246"
"912454427162578964","1012237800889929728","936972609160089630","1008828335624814633","1008828492298866739"
"1009800305988350053","1012384973786992721","1012384671843229848","1012384796070133792","1012384847341297754"
"1012420010016260221","1012428150082388018","1012420010322448432","1012420011031285929","1012420011031285924"
"938907141748690984","1012681080865833021","941445784505827348","947932238295736320","947932238295736320"
"938907141748690984","1012681708002344971","941445784505827348","947932238295736320","947932238295736320"
"959783558787006465","1012773141648527360","1012749445059837992","1012749519940755456","1012749519940755456"
"1012742150972252221","1012802945907183676","1012745408042238082","1012742151605604393","1012742151605604393"
"991083033341886524","1012972186006458458","991358171836850306","1003776883982348318","1003776884674404373"
"947096675225309194","1013060187185234071","1007660639470243901","951207169943044096","972485631152382032"
"947096675225309194","1013060683740491816","1005441161634271333","1006032459277807657","972485631152382032"
"947096675225309194","1013060871016173619","1000557184838553740","951206187557330994","951206187557330994"
"947096675225309194","1013061128244428860","1005441161634271333","951207169943044096","972485631152382032"
"999561154655440928","1013113034593538068","1013112591498879097","1003610705586573393","1003612342237536286"
"999561154655440928","1013114231392063498","1013113982736924724","1003610705586573393","1003612342237536286"
"999561154655440928","1013114475286642738","1013113982736924724","1003610705586573393","1003612342237536286"
"1009124566544695357","1013115088066060299","1011690351720939611","1011647426198769725","1011647426198769725"
"984840140910379048","1013157470786551809","1008894919710101554","984840140910379049","1012507792562733057"
"1011663502013890571","1013508686825660426","1013489476489728161","1011915609614843994","1013508593112330400"
"1011663502013890571","1013509497530109983","1013489476489728161","1011915609614843994","1013508593112330400"
"966811756376776724","1013722133169442856","975760491026731019","1013205692355723384","1013205695644049429"
"1009377828069982208","1013865579314163783","1013865436749779064","1013864527667941447","1009848793673498715"
"1009377828069982208","1013867830267105291","1013865436749779064","1013864527667941447","1009848793673498715"
"1009377828069982208","1013868213546782821","1013865436749779064","1013864527667941447","1013864527667941447"
"1009377828069982208","1013868507378745464","1013865436749779064","1013864527667941447","1013864527667941447"
"1009377828069982208","1013868679135498260","1013865436749779064","1013864527667941447","1013864527667941447"
"902646143303954562","1013888403827331132","1013532214539063386","1013886897321431131","1013886897321431131"
"918191764312051793","1014240230620012625","1003278170440609913","994582783387242526","994582783387242526"
"918191764312051793","1014242177406210189","1003278170440609913","994582783387242526","994582783387242526"
"1014227449061580810","1014242705028677702","1014242483053531266","1014242609293697074","1014242689488781403"
"1014445347713593354","1014448299153047592","1014447982541799454","1014447775523541072","1014445347713593355"
"1014445347713593354","1014448759846998026","1014447982541799454","1014447775523541072","1014445347713593355"
"912454427162578964","1014560293168361533","1014559693777141890","997058964116230174","1001205722735968276"
"1013581211056218143","1014641423368339456","1013585321352495265","1013581211056218144","1013581211056218144"
"1013581211056218143","1014645584105324614","1013581278894891009","1013581211056218144","1013581211056218144"
"1013179880688603288","1014801050714243122","1014798184549187657","1014799171515068416","1014798515068739584"
"1013179880688603288","1014801394835935242","1014798184549187657","1014799171515068416","1014798515068739584"
"966428500011651102","1015272345558077440","980208912542359563","982546918959902740","982546918959902740"
"768228694736371732","1015294251480928358","768229183905202236","1010633913015734302","1010507159815065610"
"1015285771919446097","1015594264153051187","1015296698953773076","1015593589725741166","1015594228740534364"
"1015285771919446097","1015595039856017428","1015296698953773076","1015595006867812382","1015594228740534364"
"1015285771919446097","1015595441578066035","1015296698953773076","1015595006867812382","1015594228740534364"
"980152781899976735","1015679443005603840","993940903867723956","1015639924847952005","1015639924847952005"
"1013179880688603288","1015713250186383491","1014798236051054662","1014799454634790933","1014798761945468990"
"980152781899976735","1015782087455936543","993940903867723956","1015639924847952005","1015639924847952005"
"676115729124425737","1015898490053873734","1014952638346956863","1004524279028797480","1004524366324842647"
"983348899525828638","1015935417092153344","983348899790069852","1013139046593212497","1013139046593212497"
"983348899525828638","1015936048884371618","983348899790069852","1013139046593212497","1013139046593212497"
"939887880598331423","1016350513958223962","947890181011304468","966378411582959656","1010605426414473256"
"939887880598331423","1016350886215295077","1011274832857538662","966378411582959656","1010605426414473256"
"1009875569271377921","1016702953375150172","1009877009016574028","1009914093123162235","1009914093123162235"
"994167264611946547","1016755880827572364","994169676265443399","994172561355194378","1016755657367633952"
"994167264611946547","1016756188651720835","994169676265443399","994172561355194378","1016755657367633952"
"948595942448320653","1016797340058800199","993591109706068010","1015005637240958976","1015005162101800990"
"948595942448320653","1016798250369568848","993591109706068010","1015005637240958976","1016797997511749723"
"1013498282804252742","1016990697934569543","1013775098131525682","1013498283592777739","1016990652426362880"
"1015285771919446097","1017043857088729099","1015296698953773076","1015595006867812382","1015594228740534364"
"904067086219886623","1017441235142709359","985815677543788605","930458152787390514","988521375981506640"
"1017523461482106943","1017702439819944046","1017702387407921192","1017702237184733254","1017702128535486544"
"1017523461482106943","1017702742388645909","1017702387407921192","1017702237184733254","1017702128535486544"
"1017523461482106943","1017703242005745695","1017689206396551188","1017702237184733254","1017702128535486544"
"1017523461482106943","1017703607413526559","1017702387407921192","1017702237184733254","1017702237184733254"
"1017523461482106943","1017703727655825439","1017689206396551188","1017702237184733254","1017702237184733254"
"1013179880688603288","1017830314300678234","1017830033890480168","1017826215203180584","1017825735790043156"
"683059539054297159","1018136607171289088","683435512425611270","686222074615693331","683436045643153419"
"1015142561087750174","1018211650530181140","1018068988011491328","1018068778942218261","1018068778942218261"
"912454427162578964","1018217583914258572","1018216198762139661","1018216667714703382","1018216966810517515"
"858329106726518794","1018244959389888624","979483471665836082","979483553710616617","1018244680074395658"
"839106915178381382","1018279425093148773","952506572104400916","1018221172854378607","1018279391396106320"
"1005119105868759162","1018535652083630101","1005119259329966142","1005119106959290488","1005119106959290488"
"1003577766173753374","1018807565854982165","1018806810783793203","1005413797902700554","1005413797902700554"
"1003577766173753374","1018807973885259808","1018806810783793203","1005413797902700554","1005413797902700554"
"1003577766173753374","1018808163656532018","1018806810783793203","1005413797902700554","1005413797902700554"
"1003577766173753374","1018808372876804136","1018806810783793203","1005413797902700554","1005413797902700554"
"1003577766173753374","1018808645095538729","1018806810783793203","1005413797902700554","1005413797902700554"
"1013073713450717255","1018878348723752970","1018526081042612319","1013791328817131610","1013791328817131610"
"979481422815440897","1018885385348198430","1008090536600682616","1018885256293658706","1018885346567655505"
"979481422815440897","1018885548745691207","1008090536600682616","1018885256293658706","1018885346567655505"
"999561154655440928","1019296461227294831","999584559949697024","1003610705586573393","1003612342237536286"
"999561154655440928","1019296729847312507","999584559949697024","1003610705586573393","1003612342237536286"
"998640957211820133","1019620545844756580","1017132453812510790","998643088190885888","998643088190885888"
"1013179880688603288","1019683656652042310","1017854140950511666","1019682517239996477","1019682583853928569"
"1013179880688603288","1019683982759186543","1017854140950511666","1019682517239996477","1019682583853928569"
"1013179880688603288","1019687470901764248","1013742387694153808","1019686576730669066","1019686652815351908"
"1018445925972201523","1019870021217955841","1019504877015138335","1019510091914956810","1019869952636895253"
"1013884961583022250","1020244544408780801","1019961536833400842","1019773154131968010","1019773154131968010"
"1020315515111100476","1020325950698819655","1020315515111100480","1020315519406051412","1020325801352249396"
"1010463052912660491","1020394357196587028","1010468288163217449","1010550644458926161","1010550644458926161"
"1013581211056218143","1020404818629644350","1013581278894891009","1013581211056218144","1013581211056218144"
"1019243091267424287","1020615399181652018","1020424425981608066","1019825831251554335","1019825831251554335"
"1019243091267424287","1020618549678587904","1020424425981608066","1019825831251554335","1019825831251554335"
"1019243091267424287","1020620245561528340","1020424425981608066","1019825831251554335","1019825831251554335"
"1019243091267424287","1020630489737994240","1020424425981608066","1019825831251554335","1019825831251554335"
"1019243091267424287","1020632855686156319","1020424425981608066","1019825831251554335","1019825831251554335"
"1020315515111100476","1020660900136489053","1020315515111100480","1020315519406051412","1020325801352249396"
"1020315515111100476","1020661159248007259","1020315515111100480","1020315519406051412","1020325801352249396"
"1020315515111100476","1020661282430525491","1020315515111100480","1020315519406051412","1020325801352249396"
"1019243091267424287","1020663154465837136","1020424425981608066","1019825831251554335","1019825831251554335"
"962229370397798400","1020685052251742248","992435802711785532","1017069581744996533","1017069581744996533"
"962229370397798400","1020690014436343879","992435802711785532","1017069581744996533","1017069581744996533"
"962229370397798400","1020693650843390033","992435802711785532","1017069581744996533","1017069581744996533"
"962229370397798400","1020693729348169758","992435802711785532","1017069581744996533","1017069581744996533"
"962229370397798400","1020693847912751206","992435802711785532","1017069581744996533","1017069581744996533"
"921045773456642108","1020993771036495883","949689570004443217","958730677963083786","958730677963083786"
"921045773456642108","1020994085206634586","1015680092518744125","958730677963083786","958730677963083786"
"921045773456642108","1020994268552241212","949689570004443217","958730677963083786","958730677963083786"
"921045773456642108","1020995021689868369","949689570004443217","958730677963083786","958730677963083786"
"1019243091267424287","1021000182856429579","1020424425981608066","1019825831251554335","1019825831251554335"
"921045773456642108","1021001780953366548","1015680092518744125","952951709146181662","952951709146181662"
"925729625580113951","1021030417517785118","942409310867177532","942386781783982090","942481706215174204"
"925729625580113951","1021030511235313724","942409310867177532","942481706215174204","942481706215174204"
"1018445925972201523","1021087742479843388","1019504877015138335","1021082871911428197","1021087678642520065"
"1019243091267424287","1021095099653947452","1020424425981608066","1019825831251554335","1020635642755043368"
"980152781899976735","1021133184739594240","993940903867723956","1021124028859158649","1021124028859158649"
"1000066513333661736","1021170243323842601","1018637780181590016","1018637837467390003","1018637834745303190"
"1021448806979620895","1021529663824211978","1021448806979620895","1021448807457767424","1021448807457767424"
"1021448806979620895","1021556535832354857","1021448806979620895","1021448807457767424","1021448807457767424"
"1013805513496084481","1021784622792720485","1014983984410796093","1014605460218839050","1014605460218839050"
"1021766119440257044","1022143071699353621","1021846031886991450","1021868902663327785","1021868902663327785"
"1021766119440257044","1022143230583779359","1021846031886991450","1021868902663327785","1021868902663327785"
"1021766119440257044","1022143347705520179","1021846031886991450","1021868902663327785","1021868902663327785"
"810089469314990101","1022201361800110211","1022186036136263710","1022188060735176836","1022188060735176836"
"921045773456642108","1022210187236495370","921052427325685820","1022208184452137051","1022208184452137051"
"820941921358708737","1022410247664570378","821803437926383630","891753618766721108","891753618766721108"
"820941921358708737","1022410667652821024","892125372018225182","891753618766721108","903293248699789372"
"820941921358708737","1022412120152870912","892125372018225182","891753618766721108","903293248699789372"
"972874640772988979","1022425547579592756","972874640810733660","972874641301442611","972874641301442611"
"1022217086824632330","1022431912914067496","1022221098105966673","1022217091786489878","1022220238021988453"
"1022217086824632330","1022432491501518898","1022221108864372837","1022217091786489878","1022220238021988453"
"1022217086824632330","1022433062396637184","1022221098105966673","1022217091786489878","1022220238021988453"
"1022217086824632330","1022433297172811796","1022221098105966673","1022217091786489878","1022220238021988453"
"820941921358708737","1022440310581768252","892125372018225182","891753618766721108","903293248699789372"
"1022217086824632330","1022443276319588352","1022221098105966673","1022443189900156948","1022443189900156948"
"1008758902990569562","1022489294444711966","1008758903053496474","1021064287143338034","1021064287143338034"
"1008758902990569562","1022490302105264138","1008758903053496474","1021064287143338034","1008758904336961648"
"938452996457631744","1022577714282119208","1007244760764915803","938452996457631745","1007249254080856105"
"998365510586617886","1022578597518647386","998368236217319495","998729878461485187","998370774995959858"
"998365510586617886","1022579033386532874","998368236217319495","998729878461485187","998370774995959858"
"1019597631128870962","1022579698229837894","1019603041277710430","1019597634278805518","1019597634278805518"
"1019597631128870962","1022580019131859106","1019604552942624779","1019597634278805518","1019597634278805518"
"1019597631128870962","1022582125830090893","1019604552942624779","1019628945974509639","1019597634278805518"
"1019597631128870962","1022583506657878066","1019604552942624779","1022546922193551410","1019597634278805518"
"1019597631128870962","1022584265919184906","1019604552942624779","1019631096905875546","1019597634278805518"
"1019597631128870962","1022816239028019271","1019604552942624779","1019628945974509639","1019628945974509639"
"1019597631128870962","1022817009643290634","1019604552942624779","1022546922193551410","1022546922193551410"
"1019597631128870962","1022817441543364619","1019604552942624779","1019628945974509639","1019628945974509639"
"1019597631128870962","1022818609715740713","1019604552942624779","1019631096905875546","1019631096905875546"
"1019597631128870962","1022819056987942942","1019604552942624779","1019631096905875546","1019631096905875546"
"1019597631128870962","1022819503853273149","1019604552942624779","1019631096905875546","1019631096905875546"
"1019597631128870962","1022819988047921163","1019604552942624779","1019631096905875546","1019631096905875546"
"1019597631128870962","1022820505016868905","1019604552942624779","1019631096905875546","1019631096905875546"
"1019597631128870962","1022821160272007228","1019604552942624779","1019631096905875546","1019631096905875546"
"983348899525828638","1022865702664802405","983348899790069852","1017338619234623508","1017338619234623508"
"1015265769841496195","1022886138857398282","1022526005254049812","1022524383723536384","1022524383723536384"
"1015265769841496195","1022934955514413127","1022526005254049812","1022524383723536384","1022933424203370646"
"1015265769841496195","1022935539223109643","1022526005254049812","1022524383723536384","1022933424203370646"
"1022911474806567053","1023444103637237760","1022911474928210020","1022911475959988329","1022911475959988326"
"1023539601920507904","1023551890400743525","1023545930110205983","1023550621644763166","1023550834719600770"
"1008758902990569562","1023626938427904031","1008758903053496474","1021064287143338034","1008872621452046487"
"1008758902990569562","1023627412283588751","1019240585439219742","1021064287143338034","1008872621452046487"
"1008758902990569562","1023627793797492796","1008758903028338786","1021064287143338034","1008872621452046487"
"1013179880688603288","1024336304705654814","1013399827993853972","1024332112062595142","1024332184951214181"
"1003987205196361728","1024346103509962852","1007740723065528410","1009161247939362907","1009161247939362907"
"994332164768403596","1024672302325043251","994524134858031195","994459508908757103","994341992672804954"
"933769612120694854","1024696303306932294","983413448337678356","944596800474587206","965501998466207754"
"933769612120694854","1024696784108408963","983413448337678356","944596800474587206","965501998466207754"
"989984780034637894","1024697908982972516","1024697579910467654","1011781150081032212","1011916916882931742"
"989984780034637894","1024698975355404318","1024697579910467654","1011781150081032212","1011916916882931742"
"933769612120694854","1024699249230884914","983413448337678356","944596800474587206","965501998466207754"
"933769612120694854","1024708737455362161","972908451200135238","944596800474587206","965501998466207754"
"933769612120694854","1024709342072672347","972907189104705596","944596800474587206","965501998466207754"
"1021068592353124454","1024795978882093157","1021479884243095603","1021479951687483484","1024795436550213783"
"1021068592353124454","1024798823626850344","1021479883051892806","1021479951687483484","1024795436550213783"
"1021068592353124454","1024799711753932820","1021479879721623693","1021479951687483484","1024795436550213783"
"1012011938311585802","1025002115116040283","1024994423517483018","1025001826505998436","1024994821221392414"
"966697187813773394","1025667087244460032","1025666767705624606","1025665942803447838","1025667052792455208"
