"guildID","channelID","userID","panelID"
"925729625580113951","949990052258271263","824378909985341451",
"834167809931870228","954480050340782110","764669366662725692",
"937376412183183452","956119076239974400","824378909985341451",
"937376412183183452","956120535429967902","824378909985341451",
"937376412183183452","956121268103553084","824378909985341451",
"937376412183183452","956121721080016897","824378909985341451",
"937376412183183452","956122267673329674","824378909985341451",
"937376412183183452","956122868452851712","824378909985341451",
"925729625580113951","956896449948442664","923479465294700565",
"925729625580113951","957617917212635226","923479465294700565",
"925729625580113951","961331982544044163","827871760656367636",
"925729625580113951","962080179281354803","600318498253832221",
"961971433486041198","963067806881034270","936288778497171456",
"943483956664356894","963333315992117258","840988884144881734",
"913529131931664475","963390577498550312","942868214562582569",
"913529131931664475","963395060429377566","942868214562582569",
"913529131931664475","963424795553316914","722023890984894465",
"940569469409968139","964558213666177124","552810118211960852",
"943483956664356894","965193128611029072","733567155823443980",
"933706031517802536","965517470897156097","831222668178489386",
"925729625580113951","966677780970504212","594922360553865216",
"933706031517802536","967320340382507068","820927306653630474",
"836132315809316878","967394413162688543","715188997877661726",
"943483956664356894","967402727078518784","936623166581772398",
"925729625580113951","967734332162736128","853706105338331168",
"933706031517802536","967793196123959296","733567155823443980",
"892080636645486683","967815705057710230","733567155823443980",
"943483956664356894","968737700553306143","891340697259622440",
"943483956664356894","969168823674617886","860942552278106122",
"943483956664356894","969196058964021298","944700020542820403",
"933706031517802536","969346608208703498","609148553968877638",
"943483956664356894","969950006712889344","881128768759021630",
"943483956664356894","970028723837493379","840988884144881734",
"943483956664356894","970028989492129813","840988884144881734",
"933706031517802536","970384231547154532","693058472929001553",
"937295768908353577","970394380512923748","803897985510932491",
"941035429203968062","970421798816600096","873227813161959534",
"970706615441449020","971029027664039976","785059784604778496",
"971122193918476298","971382046129807410","656506779303149579",
"971122193918476298","971791901906833508","820927306653630474",
"933706031517802536","971844568251252736","943811335794335746",
"925729625580113951","971863920631488562","942385774173753404",
"966811756376776724","972549707161280633","734727390042914867",
"918191764312051793","972849116403101696","956938192609738802",
"676115729124425737","974282673298223114","914895387339411506",
"918191764312051793","974363480507437106","676001622186262528",
"925729625580113951","974691648619548754","840122604115329055",
"933706031517802536","975327049197682698","737955549307600898",
"914094159827185674","975410603936084079","736767363030188072",
"914094159827185674","975447815901827132","968131311699120169",
"914094159827185674","975449285921472582","577903846186287114",
"914094159827185674","975627979281563678","718087229364240519",
"914094159827185674","975739465228251166","658726188121849856",
"914094159827185674","975755540858814464","688544000029884531",
"963099143268626432","975785298153832498","830853005858308098",
"965566481322606592","976143419363696641","436111971524411392",
"914094159827185674","976915465987301396","951464632030212136",
"914094159827185674","977266539604639805","759153259004559371",
"914094159827185674","977299636836524053","751485760582057995",
"914094159827185674","977517865236316190","822536430714749028",
"877291515838361690","977548598877233212","840122604115329055",
"877291515838361690","977549903175770172","886150113557381150",
"963099143268626432","977645236396371998","640256514267021314",
"976101529733955634","977672908841320538","976100030345801759",
"965566481322606592","977855681027788820","801580811266162689",
"877291515838361690","977859318445649962","840122604115329055",
"965566481322606592","977969386604335124","924667459112427570",
"676115729124425737","978005669087174738","860942552278106122",
"914094159827185674","978021458813009930","608062391242194956",
"965566481322606592","978292214717366282","752555494169772173",
"965566481322606592","978310536695529472","728340987591655464",
"914094159827185674","978363269024714762","748986668828196865",
"965566481322606592","978364604717596742","859636065844330546",
"966811756376776724","978633494483853352","517006124323438594",
"914094159827185674","978675020467421224","808639261665394719",
"975466086730436628","978707096600199308","811621520635461632",
"965566481322606592","978711863107940403","861988636697428008",
"965566481322606592","979061924241227816","766351160498978866",
"965566481322606592","979095231083454524","953330521621008385",
"914094159827185674","979433385418166312","908081605409652746",
"676115729124425737","979469738600194098","382073979491450881",
"914094159827185674","979730519057109032","718087229364240519",
"914094159827185674","979744447820599366","665488794132283393",
"676115729124425737","979818272755175484","914895387339411506",
"914094159827185674","979838255207964742","792878688722354176",
"914094159827185674","980017233621286972","943502534771892264",
"676115729124425737","980082302635884555","914895387339411506",
"914094159827185674","980197927991509102","739813650155438111",
"933706031517802536","980210516507119696","904004825690300477",
"836132315809316878","980233217141518376","803693555226771466",
"933706031517802536","980414619430576138","874336395152482334",
"914094159827185674","980474747823489115","708268565328822306",
"918191764312051793","980512205017612339","948508968114860082",
"977892671458779136","980561092042440744","980188361706852432",
"966811756376776724","980892070745096202","864474755419996192",
"963099143268626432","981158231130918922","592703514506035201",
"896713953412001793","981243187807002685","764157181285105685",
"971122193918476298","981269367608180886","976850327909314660",
"977892671458779136","981909739397083196","804420470073327716",
"918191764312051793","981941097410469908","825653906969067560",
"914094159827185674","982245133389033502","544487992291753984",
"914094159827185674","982366271343591454","702152825899057153",
"914094159827185674","982373274103197726","792441649062084648",
"896713953412001793","982669015891738725","982598188554915850",
"914094159827185674","983261696841900052","681141076907786326",
"914094159827185674","983331030633152552","327026753136492547",
"914094159827185674","983375801749766195","299883668531576832",
"933706031517802536","983432151070560337","803354239254265866",
"914094159827185674","983441742831419442","738046379032576020",
"896713953412001793","983692894118494208","983688716637847572",
"896713953412001793","983693695486423040","983688716637847572",
"896713953412001793","983695527453544448","983688716637847572",
"896713953412001793","983698632362565702","983688716637847572",
"896713953412001793","983701711967383632","983688716637847572",
"914094159827185674","983776840734892052","811868517775179797",
"914094159827185674","983963376982052864","552561643175936002",
"933706031517802536","984049673981554708","886986109979090995",
"914094159827185674","984102817109262366","552561643175936002",
"969229021244178462","984162559013843025","780088946629279745",
"968162980946673756","984170034538614804","794901871398879232",
"933706031517802536","984356592709406720","919318582284939335",
"896713953412001793","984486408683126845","954429415536853123",
"896713953412001793","984543438756257793","631892329967517706",
"896713953412001793","984803750105468948","563021478073729054",
"896713953412001793","984880912758095922","803693555226771466",
"896713953412001793","984880974301130802","803693555226771466",
"896713953412001793","984881019872231464","803693555226771466",
"914094159827185674","984881053296623706","792441649062084648",
"914094159827185674","985166108220862504","534407472098836491",
"966811756376776724","985492077242634260","821023285332148240",
"975466086730436628","985513481837092874","791639582692999169",
"966811756376776724","985551777455829032","794901871398879232",
"914094159827185674","985584504536186920","982990739531251802",
"914094159827185674","985603237489041408","792441649062084648",
"914094159827185674","985606149535563876","925749838589603872",
"914094159827185674","985642853524996196","534407472098836491",
"966811756376776724","985930901206728735","513260196441620481",
"966811756376776724","985931801522479214","557268896416006144",
"875338422800224257","986235380934246400","420567395003006977",
"914094159827185674","986302597742886952","936310641361297499",
"836169138263031808","986323416502120468","911665843304284200",
"968162980946673756","986981746140676117","936932034557915186",
"914094159827185674","986990934703095818","855789575876378635",
"933706031517802536","986998402166423552","272090750760517633",
"977632897840349204","987030659140845658","904666156772757524",
"676115729124425737","987083077606064158","860942552278106122",
"896713953412001793","987320246492889118","949308714811289651",
"966811756376776724","987432447006367846","816985975363338260",
"933706031517802536","987700754326388807","375252342985195522",
"984928443173068880","987737931814957176","985114570446241793",
"984928443173068880","987738184140091453","985114570446241793",
"984928443173068880","987738808973926470","985114570446241793",
"984928443173068880","987750428043247676","481781881742950401",
"984928443173068880","987751994200572014","985114570446241793",
"896713953412001793","987781174057398283","817842325748318279",
"896713953412001793","987784930752872508","888788136317046805",
"896713953412001793","987797058054393896","510924791272964096",
"984928443173068880","988088632139210762","985114570446241793",
"933706031517802536","988128677386653726","929341907430154310",
"966811756376776724","988814044112760903","987246935343771668",
"933706031517802536","989101618932899889","886986109979090995",
"965686695418794034","989191642907041862","726133552906764369",
"933706031517802536","989538397095874600","836896201776300033",
"933706031517802536","989875682446278676","921133049406685214",
"933706031517802536","989891983269048380","707598260650377247",
"965686695418794034","990854695851528202","759153259004559371",
"965686695418794034","992913014804201482","483201976486592524",
"965686695418794034","992913032269271111","483201976486592524",
"963099143268626432","993065567596593154","825653906969067560",
"973289734057132092","993182626670186506","896342529799254027",
"777886844334505995","993494146058833950","709810858179690548",
"973289734057132092","993847543081476127","890933187327426570",
"914094159827185674","993859551629692928","899293212211028009",
"933706031517802536","993882056054542428","647744671434407937",
"965686695418794034","993918494867456010","722504610702426212",
"925729625580113951","995357660356542568","840122604115329055",
"984083592110039120","995735479775412254","682301513145516052",
"965686695418794034","995745542388850719","751485760582057995",
"977632897840349204","995769082857132092","615549489952063516",
"920968061526364210","996107283580850238","954161154098348042",
"960991044302946354","996431735023734785","701738072227971072",
"965686695418794034","996520816571334717","354600705304166403",
"973289734057132092","996836859181273089","829270714929774663",
"943483956664356894","996971673804869652","606941271310729232",
"973289734057132092","998174122955776010","936623166581772398",
"973289734057132092","998296234303430777","994301549662720100",
"933706031517802536","998318099201798248","573515729404690452",
"973289734057132092","998837513789644811","840255542454124565",
"973289734057132092","999234044627783680","980460716345683978",
"973289734057132092","999236311103832074","980460716345683978",
"973289734057132092","999242462587539566","980460716345683978",
"973289734057132092","999243364060889108","980460716345683978",
"925729625580113951","999750665444266037","618805150756110336",
"933706031517802536","999962665889837077","878293871669428225",
"965566481322606592","1000050497941676073","838434202276855858",
"925729625580113951","1000804599155937412","853742600061714482",
"993465450484731925","1001475198316454048","823534232525471784",
"646045583093530635","1001962158709551134","580445863231356938",
"646045583093530635","1001965372733403208","580445863231356938",
"912454427162578964","1002207118146928681","579263214232272908",
"948595942448320653","1002559085977288755","934790682793607199",
"912454427162578964","1002633665274200194","927523382646419466",
"973289734057132092","1002652002213445652","960437641067778048",
"912454427162578964","1002673331390128269","1001204090853916864",
"912454427162578964","1002977190452936836","840255542454124565",
"933706031517802536","1003326215706386572","803579724621283368",
"933706031517802536","1003467370234396722","803579724621283368",
"999561154655440928","1003603188181639198","702107838134091796",
"999561154655440928","1003654850078330891","927290694274531328",
"999561154655440928","1003692298825125938","470736829537189889",
"912454427162578964","1003713341103026227","793907298896183299",
"948595942448320653","1003716074325418094","1000265577463550032",
"999561154655440928","1003729856829325373","735837331365298176",
"912454427162578964","1003744823460765837","440243285278064640",
"967873288636334110","1003836873795448903","797479574388080651",
"999561154655440928","1004011498345078854","906831030915330078",
"1003073337116860468","1004054180127854623","778647522356363285",
"1003073337116860468","1004054271823728710","507606625557807104",
"1003073337116860468","1004055069869744350","507606625557807104",
"912454427162578964","1004081707177234493","722788264578383909",
"912454427162578964","1004151274746433747","963869567803854969",
"999561154655440928","1004331599401341018","741462503288078367",
"912454427162578964","1004437942628008029","984149431760846869",
"912454427162578964","1004450921792675920","647508861015556117",
"999561154655440928","1004472273341796532","982704829522640926",
"912454427162578964","1004669577357168690","955071135974846524",
"912454427162578964","1004675273918271598","848444385922383912",
"912454427162578964","1004685722265059368","797075470671675412",
"912454427162578964","1004696895379230760","772390693158780958",
"912454427162578964","1004778552299884624","772390693158780958",
"912454427162578964","1004805678197653504","809060860671557632",
"912454427162578964","1004811572180430848","644935836244246548",
"912454427162578964","1004831213057482802","543439995344650241",
"1004149370779861163","1004837484552781824","774774711266574359",
"1004149370779861163","1004837558561296564","774774711266574359",
"999561154655440928","1005020884425261056","825272820513898497",
"999561154655440928","1005020903018598480","888393571881852965",
"999561154655440928","1005025344727810058","781935605005287445",
"999561154655440928","1005026079376941187","714494342055854120",
"912454427162578964","1005030753706446850","993122656004096091",
"999561154655440928","1005051394413318205","838127337332670534",
"999561154655440928","1005054995034546216","470736829537189889",
"999561154655440928","1005059533489582120","906831030915330078",
"999561154655440928","1005060031189884928","470736829537189889",
"948595942448320653","1005064240773746788","868145692504358932",
"999561154655440928","1005080129443209246","1003221821698609163",
"912454427162578964","1005102524149280858","376131960332091393",
"999561154655440928","1005133181206409297","451682682791919618",
"1004149370779861163","1005134655340695552","778647522356363285",
"1004149370779861163","1005134668875706368","778647522356363285",
"1004149370779861163","1005134680435216404","778647522356363285",
"1004149370779861163","1005134690254061718","778647522356363285",
"999561154655440928","1005167102971363428","941360339549839470",
"999561154655440928","1005167485886136350","831161402810564648",
"999561154655440928","1005198197272092723","797865714446368780",
"999561154655440928","1005236735556472842","778647522356363285",
"912454427162578964","1005483248626958356","955071135974846524",
"836132315809316878","1005487222524489798","971050940742373477",
"1003073337116860468","1005502653016576060","778647522356363285",
"999561154655440928","1005761630249955348","716708015939649626",
"999561154655440928","1005769722136121354","716708015939649626",
"912454427162578964","1005792470493298778","791396386188296242",
"999561154655440928","1005887049699709018","531518594291597328",
"999561154655440928","1005887940607610910","592406650694926367",
"999561154655440928","1005888067334308051","592406650694926367",
"912454427162578964","1005959542045151339","439150538005938208",
"948595942448320653","1006168328278134895","868145692504358932",
"999561154655440928","1006249132190617752","927250548896460881",
"912454427162578964","1006272389375610951","591941231219703808",
"912454427162578964","1006327776170754099","751485760582057995",
"912454427162578964","1006583756859121704","995255520736837662",
"959783558787006465","1006667303947088054","817739705801506826",
"912454427162578964","1006745864825479188","543439995344650241",
"959783558787006465","1007300772217770125","934495470007504937",
"1004149370779861163","1007337787034447943","748140243869368350",
"999561154655440928","1007671209674158220","813489199595651103",
"912454427162578964","1007724083976343603","621348953505660973",
"1003667793381691392","1008078613133934652","764157181285105685",
"999561154655440928","1008342921667420191","711628494773420083",
"999561154655440928","1008371435066114099","867174287587409940",
"999561154655440928","1008503094503542858","556155888583311362",
"973289734057132092","1008678945773846548","953361295976054786",
"948595942448320653","1008685031939657841","980182681931378768",
"912454427162578964","1008699107004661800","751485760582057995",
"999561154655440928","1008770717074067508","716708015939649626",
"999561154655440928","1008774505872756829","881143263980027924",
"989961082833608795","1009043351569453227","784708469495300106",
"957242463284764732","1009095150884102164","854429096560820284",
"1009124566544695357","1009158382525095986","782276733616783390",
"912454427162578964","1009183753811263530","733776917555183756",
"973289734057132092","1009185798177964064","987246935343771668",
"855864117894447145","1009386975867965470","880116615298056202",
"855864117894447145","1009398237926535209","804027354040107010",
"1009133332342255716","1009421114243563561","510924791272964096",
"1009133332342255716","1009421478825054228","510924791272964096",
"1009133332342255716","1009421763496652830","999386640894152744",
"999561154655440928","1009492593937227777","735837331365298176",
"999561154655440928","1009517228900745316","714718949777866852",
"999561154655440928","1009517507192819752","678201359652356106",
"999561154655440928","1009517594673418310","714718949777866852",
"999561154655440928","1009521892790636597","714718949777866852",
"973289734057132092","1009539830578954360","936130121239261255",
"973289734057132092","1009546668871532554","936130121239261255",
"999608734261190698","1009577242826907749","1004454869941362758",
"999608734261190698","1009577251404251227","1004454869941362758",
"999608734261190698","1009577266013020301","1004454869941362758",
"999608734261190698","1009577273193660546","1004454869941362758",
"999608734261190698","1009577282161086584","1004454869941362758",
"999608734261190698","1009577291807993876","1004454869941362758",
"999608734261190698","1009577303761752147","1004454869941362758",
"999608734261190698","1009577314037809193","1004454869941362758",
"999608734261190698","1009577322589986896","1004454869941362758",
"999608734261190698","1009577329175048284","1004454869941362758",
"999608734261190698","1009577335919489135","1004454869941362758",
"999608734261190698","1009577342919786616","1004454869941362758",
"999608734261190698","1009577349223825448","1004454869941362758",
"999608734261190698","1009577356324786236","1004454869941362758",
"999608734261190698","1009577362528141412","1004454869941362758",
"999608734261190698","1009577367905251398","1004454869941362758",
"999608734261190698","1009577373223628973","1004454869941362758",
"999608734261190698","1009577381889069116","1004454869941362758",
"999608734261190698","1009577386884485120","1004454869941362758",
"999608734261190698","1009577393704403024","1004454869941362758",
"999608734261190698","1009577399425450014","1004454869941362758",
"999608734261190698","1009577406471872612","1004454869941362758",
"999608734261190698","1009577412889149591","1004454869941362758",
"999608734261190698","1009577419805573162","1004454869941362758",
"999608734261190698","1009577424956182568","1004454869941362758",
"999608734261190698","1009577431037906965","1004454869941362758",
"999608734261190698","1009577437996261426","1004454869941362758",
"999608734261190698","1009577443918618634","1004454869941362758",
"999608734261190698","1009577450533048320","1004454869941362758",
"999608734261190698","1009577455679447122","1004454869941362758",
"999608734261190698","1009577460519673956","1004454869941362758",
"999608734261190698","1009577465112440923","1004454869941362758",
"999608734261190698","1009577469638086766","1004454869941362758",
"999608734261190698","1009577474386051135","1004454869941362758",
"999608734261190698","1009577479041728532","1004454869941362758",
"999608734261190698","1009577483433152524","1004454869941362758",
"999608734261190698","1009577489204514887","1004454869941362758",
"999608734261190698","1009577497005928518","1004454869941362758",
"999608734261190698","1009577628602208266","1004454869941362758",
"999608734261190698","1009577632481943694","1004454869941362758",
"999608734261190698","1009577637137617047","1004454869941362758",
"999608734261190698","1009577643626201161","1004454869941362758",
"999608734261190698","1009577648764243990","1004454869941362758",
"999608734261190698","1009577652979519689","1004454869941362758",
"999561154655440928","1009745314745430077","984893853272277092",
"999561154655440928","1009786343490072576","888393571881852965",
"999561154655440928","1009838946823438407","888393571881852965",
"949281699899007037","1009841690720358501","821024647176388669",
"999561154655440928","1009855764191518751","556155888583311362",
"959783558787006465","1009896974826360963","798179274464559115",
"912454427162578964","1009901372696694944","792441649062084648",
"973289734057132092","1009906194325962843","944309381720334417",
"992875678284390432","1010125121849151528","1007769871163072686",
"992875678284390432","1010224319261065407","999386640894152744",
"912454427162578964","1010428204441423892","840255542454124565",
"912454427162578964","1010450792249040916","710891010556952588",
"965566481322606592","1010504621275500554","738800213271117964",
"1009812824010260620","1010536271120187423","859084854348087317",
"984083592110039120","1010642093032603678","788099527965933659",
"989961082833608795","1010665352243449896","954443439888535552",
"964960515552059442","1010672503808589824","991807730417418250",
"964960515552059442","1010673616213520464","991807730417418250",
"964960515552059442","1010673744416612383","721467797238186074",
"964960515552059442","1010675986020446268","991807730417418250",
"964960515552059442","1010678562589773874","991807730417418250",
"964960515552059442","1010679724109987902","991807730417418250",
"964960515552059442","1010683878417104906","991807730417418250",
"964960515552059442","1010683990753153164","721467797238186074",
"964960515552059442","1010686428147089448","991807730417418250",
"964960515552059442","1010686492861018174","721467797238186074",
"964960515552059442","1010688893932290058","991807730417418250",
"964960515552059442","1010689696130674790","991807730417418250",
"964960515552059442","1010690984859934730","721467797238186074",
"1009502426061086801","1010692036988522516","951228990725709915",
"1009812824010260620","1010836121971871794","800340533599535134",
"912454427162578964","1010839201702494228","764892844909396030",
"964960515552059442","1010872653747335248","991807730417418250",
"964960515552059442","1010966995115712562","596724949658370088",
"912454427162578964","1010971409243189258","474652332508839956",
"1010881989349482527","1010982882526892102","936624140423680123",
"1009812824010260620","1011086923714003044","943502534771892264",
"948595942448320653","1011186525385543690","1010979014766231695",
"992875678284390432","1011223074999378040","839879863083335681",
"1010881989349482527","1011233647216566314","710052977108582412",
"1010881989349482527","1011235810114293832","912411431683649546",
"1010881989349482527","1011243491243860048","660100489152561166",
"983090527635406868","1011270224261152828","974292173371609198","990222012561641482"
"1002707762544914535","1011279108027711529","772150720689733663","1011279059579314286"
"886328523701223504","1011356896827015278","585689817741000705","1011280318654844938"
"983348899525828638","1011537460255268925","734385517604503623","1011367856052633600"
"999561154655440928","1011558091935993949","692396554174332959","1009788456299413504"
"912454427162578964","1011602045255565342","884015117019271168","1009901339905626142"
"999561154655440928","1012007482211704893","722858748900671568","1003612384457400322"
"999561154655440928","1012047465224097902","556155888583311362","1009788456299413504"
"943483956664356894","1012066702483267695","710052977108582412","975783558666940466"
"1009020828559613983","1012077584483360808","915266458588688435","1009495371300470825"
"1003667793381691392","1012095448573542441","983754168978268180","1003770211620638760"
"1006662489213239406","1012100628710948946","295174652735651842","1010677593260949534"
"972757251641180170","1012334902269726750","507606625557807104","1010889394938458133"
"914094159827185674","1012394143479246999","803666932246118481","1010575853844975687"
"933706031517802536","1012833890802610247","951464632030212136","977585344750948362"
"912454427162578964","1012834637220941874","727806232026677288","1012236588056580146"
"948595942448320653","1013010529163411457","932350524626456606","1002210367776227479"
"948595942448320653","1013024606799544360","915266458588688435","1002210367776227479"
"1009124566544695357","1013115140759097546","829440139717640233","1013115088066060299"
"999561154655440928","1013148006821933066","756219175424229578","1013113034593538068"
"1012742150972252221","1013157742837506149","997879977481617539","1012802945907183676"
"1009124566544695357","1013159437248245861","694925888059605142","1013115088066060299"
"984840140910379048","1013163209366184117","983782519277236255","1013157470786551809"
"984840140910379048","1013163218744643694","983782519277236255","1013157470786551809"
"948595942448320653","1013356037656551504","932350524626456606","1002210367776227479"
"1009020828559613983","1013382782975750184","997852478747975821","1009495371300470825"
"999561154655440928","1013864275909021726","774774711266574359","1013113034593538068"
"912454427162578964","1013867175716602066","793884936615755816","1012236588056580146"
"912454427162578964","1013914518583255101","228533888572588032","1012237361746296842"
"1014445347713593354","1014448400386752554","525974888750645249","1014448299153047592"
"948595942448320653","1014457575766499448","1000077179796848671","1002210367776227479"
"999561154655440928","1014467253242183680","781935605005287445","1013114231392063498"
"948595942448320653","1014518086537334814","926629554888536075","1002210367776227479"
"1014227449061580810","1014552363580792832","972466418920611863","1014242705028677702"
"1013581211056218143","1014642448389124106","983782519277236255","1014641423368339456"
"1013581211056218143","1014643720748015646","1006359749668917248","1014641423368339456"
"999561154655440928","1014873479725711370","756219175424229578","1013114231392063498"
"918191764312051793","1014882039385829386","925677714642468904","1014240230620012625"
"933706031517802536","1014960921975738468","738341276478341132","977585344750948362"
"933706031517802536","1015007904119668776","1004022112794710026","977585344750948362"
"966428500011651102","1015272392492322816","795649762183348245","1015272345558077440"
"999561154655440928","1015274349202264194","781935605005287445","1003670888203419748"
"918191764312051793","1015298714253926420","962368725854584932","1014240230620012625"
"999561154655440928","1015322693014397008","756219175424229578","1003612384457400322"
"980152781899976735","1015692424582017085","586609553349672977","1015679443005603840"
"925729625580113951","1015877418461954079","981898944017739836","977585687408836699"
"983348899525828638","1015964010098741318","918829754562539530","1015936048884371618"
"1009800305988350053","1016039852577398934","439150538005938208","1012384973786992721"
"1009800305988350053","1016039878242357279","439150538005938208","1012384973786992721"
"1009800305988350053","1016039898232406066","439150538005938208","1012384973786992721"
"1009800305988350053","1016039921934422087","439150538005938208","1012384973786992721"
"1013179880688603288","1016065702303633460","1014650026292695080","1015713250186383491"
"983348899525828638","1016307434391883796","912411431683649546","1015935417092153344"
"972184158665310239","1016372230608912414","974992893024546816","1005528678903595129"
"972184158665310239","1016372886476443709","974992893024546816","1005529117439053844"
"983348899525828638","1016416681075163248","881468516270755900","1015935417092153344"
"983348899525828638","1016681906894540922","989247000102981692","1015936048884371618"
"912454427162578964","1016781694507950100","825682362796343326","1012237361746296842"
"1013179880688603288","1017057304228667493","793878315425202196","1015713250186383491"
"948595942448320653","1017080988368637962","1011967832822665286","1016798250369568848"
"983348899525828638","1017167126672445521","688080245403681005","1015935417092153344"
"983348899525828638","1017334320354041876","962660602826858546","1015935417092153344"
"983348899525828638","1017364805276930069","702574561857896569","1015935417092153344"
"983348899525828638","1017411201690505227","932669935266713662","1015935417092153344"
"999561154655440928","1017414734741512282","879294191136559145","1013113034593538068"
"983348899525828638","1017418807381332031","810940243153780738","1015936048884371618"
"904067086219886623","1017441260719583272","473086686335598613","1017441235142709359"
"904067086219886623","1017441349961789460","473086686335598613","1017441235142709359"
"904067086219886623","1017446090716487791","800340533599535134","1017441235142709359"
"904067086219886623","1017467963525316608","783718091342348309","1017441235142709359"
"1013179880688603288","1017483460773937203","551484328245329920","1015713250186383491"
"947096675225309194","1017561939267833886","270803984686514176","1013060187185234071"
"1017523461482106943","1017702486661926972","756138116728881207","1017702439819944046"
"1013179880688603288","1017782153704116304","614092103873724427","1015713250186383491"
"904067086219886623","1017806877280706622","812392810211967067","1017441235142709359"
"983348899525828638","1017847848236224643","567659850851549184","1015935417092153344"
"983348899525828638","1017884214005342288","810940243153780738","1015936048884371618"
"983348899525828638","1018063360568340530","688080245403681005","1015936048884371618"
"999561154655440928","1018094878040797224","740458360226185296","1013113034593538068"
"1015142561087750174","1018211689537224704","941750986551205930","1018211650530181140"
"983348899525828638","1018295054139408404","875245302939004938","1015935417092153344"
"983348899525828638","1018477754896875530","911300675273654322","1015935417092153344"
"947096675225309194","1018487488416854036","615111503372353546","1013061128244428860"
"983348899525828638","1018515762018783374","809739434537910283","1015935417092153344"
"1005119105868759162","1018535677123629076","941750986551205930","1018535652083630101"
"983348899525828638","1018563652133072956","963889372523024395","1015935417092153344"
"999561154655440928","1018563979708215328","1008507757395185694","1013114231392063498"
"999561154655440928","1018564361763164260","702107838134091796","1003670888203419748"
"983348899525828638","1018575310305890354","776464442816462898","1015935417092153344"
"983348899525828638","1018586721358708746","511252663074029587","1015935417092153344"
"1009875569271377921","1018830106640252929","706815921972445235","1016702953375150172"
"983348899525828638","1018860304601469040","712343666949095504","1015935417092153344"
"839106915178381382","1018987803385802812","943502534771892264","1018279425093148773"
"983348899525828638","1019195658583932938","809739434537910283","1015935417092153344"
"912454427162578964","1019233176591278220","642724732533342236","1012236588056580146"
"983348899525828638","1019301528399511552","918829754562539530","1015936048884371618"
"983348899525828638","1019330256261349397","756138116728881207","1015935417092153344"
"983348899525828638","1019338859584163910","973457484318642198","1015935417092153344"
"983348899525828638","1019349903014637628","688080245403681005","1015935417092153344"
"839106915178381382","1019502834741420062","966943786624221236","1018279425093148773"
"983348899525828638","1019601505088712744","804841274725105694","1015936048884371618"
"983348899525828638","1019618613772157049","963889372523024395","1015935417092153344"
"983348899525828638","1019618936158953492","954736848322846720","1015935417092153344"
"948595942448320653","1019644530569531392","864158356276379669","1016798250369568848"
"1013179880688603288","1019695822717321258","783718091342348309","1019683982759186543"
"1013179880688603288","1019705890435239986","703569877117435924","1019683982759186543"
"983348899525828638","1019919534708236288","918829754562539530","1015936048884371618"
"1013179880688603288","1019948425913053265","756491126936174709","1019683982759186543"
"983348899525828638","1019980204447371264","712343666949095504","1015936048884371618"
"983348899525828638","1020041162578477116","511252663074029587","1015936048884371618"
"983348899525828638","1020043778863661129","643789685663203338","1015936048884371618"
"983348899525828638","1020050802653544508","511252663074029587","1015936048884371618"
"983348899525828638","1020332421708779522","804841274725105694","1015936048884371618"
"983348899525828638","1020332583768293456","809739434537910283","1015936048884371618"
"1013884961583022250","1020354380362428508","918223017614651403","1020244544408780801"
"1012013249723637831","1020361056876494888","806239252262289468","1012019312929816616"
"983348899525828638","1020366628703191120","954736848322846720","1015936048884371618"
"983348899525828638","1020379969085526136","918829754562539530","1015936048884371618"
"1013179880688603288","1020382683861372928","1005510835461947454","1019683982759186543"
"1010463052912660491","1020394412603355156","880170081009696798","1020394357196587028"
"983348899525828638","1020618224410296372","989247000102981692","1015936048884371618"
"983348899525828638","1020635815837175889","1005856871267188777","1015936048884371618"
"983348899525828638","1020671992589991957","847359269908381696","1015936048884371618"
"1013179880688603288","1020693235586318437","844145981150330900","1019683982759186543"
"1013179880688603288","1020735552544317581","1001868005392793617","1015713250186383491"
"983348899525828638","1020765417188380744","1005856871267188777","1015936048884371618"
"983348899525828638","1020779360543854623","1005856871267188777","1015936048884371618"
"983348899525828638","1020806896409641073","688080245403681005","1015935417092153344"
"983348899525828638","1020971245682053140","973457484318642198","1015935417092153344"
"999561154655440928","1021044995530162176","982704829522640926","1003612384457400322"
"980152781899976735","1021055018780086302","774333235277987892","1015782087455936543"
"1013179880688603288","1021071751565815849","473043628730744833","1015713250186383491"
"1013179880688603288","1021072248372731954","812392810211967067","1015713250186383491"
"1013179880688603288","1021083056934764625","821830740962050115","1017830314300678234"
"921045773456642108","1021389898286116904","955887673371934810","1020995021689868369"
"1013179880688603288","1021402879250145350","855470315651334184","1019683982759186543"
"1013179880688603288","1021411876984336384","855470315651334184","1019683982759186543"
"1013179880688603288","1021507991675097108","793253066480680970","1015713250186383491"
"1021448806979620895","1021529676390350900","1018073910392131686","1021529663824211978"
"1013179880688603288","1021655377886060625","1007756305852809279","1019683982759186543"
"912454427162578964","1021755875804839996","850472157376806982","1014560293168361533"
"912454427162578964","1021757298772803664","850472157376806982","1012236588056580146"
"912454427162578964","1021770005530026154","917122982390947900","1014560293168361533"
"1013179880688603288","1021792804155961354","556188206551269389","1015713250186383491"
"921045773456642108","1021829206553936002","979012407827505232","1021001780953366548"
"1013179880688603288","1021843073178800220","818845856580239392","1017830314300678234"
"1003577766173753374","1021859616583319634","987246935343771668","1018808372876804136"
"1013179880688603288","1021861431639035934","809472013189120070","1014801394835935242"
"983348899525828638","1021864942657347594","1009873846926581770","1015936048884371618"
"948595942448320653","1021865763818184714","910177760058675260","1016798250369568848"
"983348899525828638","1022093349047500830","1014140158389530698","1015935417092153344"
"948595942448320653","1022118648959225906","962756543697264722","1016798250369568848"
"972184158665310239","1022126988770676867","993187056312389702","1005528678903595129"
"1013179880688603288","1022128657248030790","916657702686572564","1019687470901764248"
"999561154655440928","1022133520954556466","577200261668274180","1019296729847312507"
"983090527635406868","1022164655147339776","875335432861261885","990222012561641482"
"999561154655440928","1022171324241682552","888393571881852965","1013113034593538068"
"999561154655440928","1022171414427611208","781935605005287445","1013113034593538068"
"999561154655440928","1022173859312586923","660052225304821772","1013113034593538068"
"1013179880688603288","1022213325603479603","916657702686572564","1017830314300678234"
"1013179880688603288","1022219097854988298","916657702686572564","1015713250186383491"
"1013179880688603288","1022220416007282698","813824519625506838","1014801394835935242"
"921045773456642108","1022411394462797875","955887673371934810","1022210187236495370"
"972874640772988979","1022425712654811136","941750986551205930","1022425547579592756"
"1022217086824632330","1022442629176238110","954519156496146463","1022433297172811796"
"1022217086824632330","1022443314257088553","954519156496146463","1022443276319588352"
"983348899525828638","1022478851625984022","1007769871163072686","1015935417092153344"
"999561154655440928","1022506810344738819","797865714446368780","1013113034593538068"
"933706031517802536","1022517947727626331","936778964310048798","977585344750948362"
"999561154655440928","1022524901296447498","880098365055070279","1013113034593538068"
"999561154655440928","1022526592137842688","1018922671599259698","1003612384457400322"
"1013179880688603288","1022533225345720380","821830740962050115","1014801394835935242"
"1013179880688603288","1022591242216947772","972530593462091786","1015713250186383491"
"1013179880688603288","1022726081050058822","904370072380899328","1014801394835935242"
"983348899525828638","1022734032473170001","885459625187618846","1015936048884371618"
"999561154655440928","1022741246839631912","828258736606543903","1013113034593538068"
"983348899525828638","1022823315443822673","809739434537910283","1015936048884371618"
"948595942448320653","1022843359137632266","963146343059189840","1016798250369568848"
"999561154655440928","1022857782791262359","692396554174332959","1013113034593538068"
"1013179880688603288","1022860795039731903","842692164097671178","1014801394835935242"
"1022217086824632330","1022933645431951402","265611256424169472","1022443276319588352"
"1013179880688603288","1022943605859549194","751045189719687228","1014801394835935242"
"983348899525828638","1022994887756488714","1004277828998668318","1022865702664802405"
"983348899525828638","1023146033699627018","1005856871267188777","1015936048884371618"
"1015265769841496195","1023190897883631656","1009561027853176964","1022935539223109643"
"1013179880688603288","1023231593021710506","399959548414394368","1014801394835935242"
"1015265769841496195","1023242469808296108","956857668591570995","1022935539223109643"
"912454427162578964","1023261634510213252","953591767024943135","1012237361746296842"
"912454427162578964","1023268119424286830","665488794132283393","1012237361746296842"
"912454427162578964","1023274695908397066","832497142525460489","1012237361746296842"
"912454427162578964","1023316004576706581","663765643409096715","1012237361746296842"
"912454427162578964","1023320183101722716","651307897040666644","1012237361746296842"
"1013179880688603288","1023343626962604052","691025112069177354","1019687470901764248"
"1022911474806567053","1023444138659692574","852888051432685608","1023444103637237760"
"912454427162578964","1023471064392679455","292367064499224576","1012237361746296842"
"983348899525828638","1023502568099434548","809739434537910283","1015936048884371618"
"983348899525828638","1023515428716298300","224616178935398401","1022865702664802405"
"912454427162578964","1023540560281223209","799732313582862377","1012237361746296842"
"983348899525828638","1023554092137721866","855143679634047046","1015936048884371618"
"983348899525828638","1023558500728717312","947529541834903582","1022865702664802405"
"983348899525828638","1023578458242158603","463349145709707264","1022865702664802405"
"1013805513496084481","1023580776907952178","910177760058675260","1021784622792720485"
"1013179880688603288","1023595996778876958","821830740962050115","1014801394835935242"
"1023539601920507904","1023601615502061568","953361295976054786","1023551890400743525"
"983348899525828638","1023622876080906321","772150720689733663","1015936048884371618"
"983348899525828638","1023623574889705502","901156033618137089","1022865702664802405"
"1013179880688603288","1023625240233902140","593689912705024000","1015713250186383491"
"1023539601920507904","1023629014029574244","1003672254661529650","1023551890400743525"
"1013179880688603288","1023634105038028820","813824519625506838","1014801394835935242"
"983348899525828638","1023665237892812801","463349145709707264","1022865702664802405"
"912454427162578964","1023961512399867965","1004022697883353249","1014560293168361533"
"912454427162578964","1023978743913525318","927581042922098750","1012236588056580146"
"1013179880688603288","1023986125460750416","931583559175651418","1015713250186383491"
"1019597631128870962","1024007824415662100","689515345471471630","1022817009643290634"
"1013179880688603288","1024027761272172625","813824519625506838","1014801394835935242"
"836132315809316878","1024038812239798312","948638359918632981","1004363110406164511"
"858329106726518794","1024251968807514163","411966933588639747","1018244959389888624"
"1013179880688603288","1024336866163564565","1019657203109597286","1024336304705654814"
"948595942448320653","1024563577190879313","864158356276379669","1016798250369568848"
"1013179880688603288","1024568681486897212","800340533599535134","1014801394835935242"
"1013179880688603288","1024573206058770492","465524208328507412","1019683982759186543"
"948595942448320653","1024644574204940288","845694254160543764","1016798250369568848"
"912454427162578964","1024656892573790298","665488794132283393","1012237800889929728"
"912454427162578964","1024663421062496296","861308987571306556","1012237361746296842"
"1008758902990569562","1024671571463393321","809739434537910283","1023626938427904031"
"1013179880688603288","1024694416352477254","1019657203109597286","1024336304705654814"
"933769612120694854","1024704043928526872","694925888059605142","1024699249230884914"
"983348899525828638","1024716448641331200","941750986551205930","1015936048884371618"
"984083592110039120","1024719476811382866","462247819093213184","984131210496319508"
"1013179880688603288","1024742576407990444","483201976486592524","1015713250186383491"
"994332164768403596","1024758454545559652","735484746754424943","1024672302325043251"
"912454427162578964","1024967923946754099","989404318086094898","1012237361746296842"
"912454427162578964","1025017254926106724","984149431760846869","1012236588056580146"
"1013179880688603288","1025025591776399370","800340533599535134","1019683982759186543"
"1013179880688603288","1025030484721422446","701733378956984352","1019687470901764248"
"1013179880688603288","1025041365068955648","840255542454124565","1015713250186383491"
"1013179880688603288","1025041650533269524","840255542454124565","1019687470901764248"
"933769612120694854","1025062154547777546","845271878947700786","1024709342072672347"
"1013179880688603288","1025067071782002798","890314750284660826","1015713250186383491"
"983348899525828638","1025085869511675914","910177760058675260","1022865702664802405"
"1013179880688603288","1025107828941266984","940591110621909013","1024336304705654814"
"1013179880688603288","1025118118089080882","963747953170862100","1024336304705654814"
"912454427162578964","1025135987732529204","989404318086094898","1014560293168361533"
"1013179880688603288","1025266269529833533","875762228551356426","1024336304705654814"
"933769612120694854","1025277754771525722","997914281607692298","1024709342072672347"
"912454427162578964","1025297481006858270","767054059844141112","1012237361746296842"
"1019597631128870962","1025384215187046400","1015171554499366962","1022817009643290634"
"933769612120694854","1025390073690193981","730879393219477545","1024709342072672347"
"983348899525828638","1025390340003344415","973457484318642198","1022865702664802405"
"933769612120694854","1025391987647582299","698178423863902298","1024708737455362161"
"933769612120694854","1025401973320728626","959775346989879347","1024708737455362161"
"994332164768403596","1025415055266820096","730879393219477545","1024672302325043251"
"1009800305988350053","1025435460991991848","534407472098836491","1012384973786992721"
"1009800305988350053","1025435470483701800","534407472098836491","1012384973786992721"
"1009800305988350053","1025435479803428945","534407472098836491","1012384973786992721"
"1009800305988350053","1025452152375758928","534407472098836491","1012384973786992721"
"839106915178381382","1025458376911618168","970337877668024381","1018279425093148773"
"1009800305988350053","1025467626203402240","534407472098836491","1012384973786992721"
"1014445347713593354","1025489634786017280","697580864707494010","1014448759846998026"
"933769612120694854","1025521554274123776","552928153472073760","1024708737455362161"
"983348899525828638","1025677045348438017","871053216631107655","1022865702664802405"
"983348899525828638","1025681355901771836","910177760058675260","1015936048884371618"
"983348899525828638","1025691824817438750","910177760058675260","1022865702664802405"
"912454427162578964","1025813485269024888","977134352876072981","1012237361746296842"
"983348899525828638","1025814498575126608","871053216631107655","1022865702664802405"
"912454427162578964","1025826930567680014","977134352876072981","1012237361746296842"
"1095768843730817134","1103042110707478620","1060303610417787081","1103042084493082624"
"1095768843730817134","1103042154940596266","1060303610417787081","1103042084493082624"
"1095768843730817134","1103042335929012425","1060303610417787081","1103042084493082624"
"1095768843730817134","1103042342967058512","1060303610417787081","1103042084493082624"
"1095768843730817134","1103042354723684434","1060303610417787081","1103042084493082624"
"1095768843730817134","1103042362772570123","1060303610417787081","1103042084493082624"
"1095768843730817134","1103042373744857158","1060303610417787081","1103042084493082624"
"1095768843730817134","1103042382011826219","1060303610417787081","1103042084493082624"
"1095768843730817134","1103042394099810435","1060303610417787081","1103042084493082624"
"1095768843730817134","1103042402631041106","1060303610417787081","1103042084493082624"
"1095768843730817134","1103042412701569064","1060303610417787081","1103042084493082624"
"1095768843730817134","1103052848691957900","1060303610417787081","1103042084493082624"
"1095768843730817134","1103052860024946698","1060303610417787081","1103042084493082624"
"1095768843730817134","1103052876688928858","1060303610417787081","1103042084493082624"
"1095768843730817134","1103052885287252028","1060303610417787081","1103042084493082624"
"1095768843730817134","1103052895106113656","1060303610417787081","1103042084493082624"
"1095768843730817134","1103052901343043614","1060303610417787081","1103042084493082624"
"1095768843730817134","1103052909974929438","1060303610417787081","1103042084493082624"
"1095768843730817134","1103052915888894062","1060303610417787081","1103042084493082624"
"1095768843730817134","1103052924592078999","1060303610417787081","1103042084493082624"
"1095768843730817134","1103052930959036426","1060303610417787081","1103042084493082624"
"1095768843730817134","1103052939888693289","1060303610417787081","1103042084493082624"
"1095768843730817134","1103052947455217735","1060303610417787081","1103042084493082624"
"1095768843730817134","1103052954388414515","1060303610417787081","1103042084493082624"
"1095768843730817134","1103052962152063080","1060303610417787081","1103042084493082624"
"1095768843730817134","1103052969160757358","1060303610417787081","1103042084493082624"
"1095768843730817134","1103052976580468746","1060303610417787081","1103042084493082624"
"1095768843730817134","1103052982943236157","1060303610417787081","1103042084493082624"
"1095768843730817134","1103052992233615410","1060303610417787081","1103042084493082624"
"1095768843730817134","1103053004569067671","1060303610417787081","1103042084493082624"
"925729625580113951","1103344852814532648","727806232026677288","1103038455216361575"
"1079807502113316896","1103393317758185573","903192907819917312","1103390191512731678"
"1079807502113316896","1103396595065688094","658731024309682187","1103390191512731678"
"1079807502113316896","1103402802652401784","798471649656963092","1103390191512731678"
"1103403786313154700","1103543796874092565","1103184303904538678","1103543758898868284"
"1079807502113316896","1103641682924290068","697386808920506409","1103390191512731678"
"1101981299775914024","1103670198596280461","1001830741132464259","1103349993898770493"
"1018498369196408852","1103688668348170291","841948388462559242","1103686881671127202"
"1100860824177872998","1103690606192115813","770657968546512967","1103285006476005446"
"1102559111117279262","1103694541300707399","594922354652479508","1103694522174668830"
"1101981299775914024","1103706859103330364","810219451790262284","1103350117752385536"
"1079807502113316896","1103729733881053244","901568371391348797","1103390191512731678"
"1100194117763473430","1103746201188315186","645278676224835614","1103697981842128936"
"775145940020887572","1103982432937578536","997825552910123039","1006659420102606889"
"1101198921247760564","1104019529689989140","899977967042715700","1104019433221005354"
"1079807502113316896","1104080045070373036","699951506622906398","1103390191512731678"
"960055508415426570","1104366609180672071","1083451748670251008","1104125147499217026"
"960055508415426570","1104367002589605918","1083451748670251008","1104126010242383882"
"1000475347407613992","1104419243145056447","1034141577137885246","1104413450354036767"
"1000475347407613992","1104425590708244530","632621113070845973","1104413450354036767"
"1000475347407613992","1104429163089236069","792870082627764256","1104413450354036767"
"960055508415426570","1104431878775263252","703168176795549727","1104125797897355417"
"960055508415426570","1104432337703403561","703168176795549727","1104126010242383882"
"1000475347407613992","1104450321775869962","804628119176478721","1104413450354036767"
"1093039748282589294","1104475894409605270","865580587636359188","1103177274070679583"
"914160164582596640","1104482316354605218","717705581913440326","1104482299803869215"
"914160164582596640","1104482682416664646","717705581913440326","1104482545174859977"
"914160164582596640","1104482692474609807","717705581913440326","1104482545174859977"
"914160164582596640","1104482702029234186","717705581913440326","1104482545174859977"
"925729625580113951","1104494273526779904","771283729653039124","1103004039614042223"
"1089280831702446180","1104721804708302858","943143773750329355","1103180551319461969"
"1093910347812982804","1104815781415501884","1058080277425049722","1104813667096199168"
"1100860824177872998","1104850720936710294","924970101869010945","1103285006476005446"
"1018498369196408852","1105169522715005008","1089289920826331256","1103686881671127202"
"1017765708735709184","1105178670814998528","1073667735214641232","1104851785249718413"
"1100860824177872998","1105190253913985155","1095444599943737404","1103285006476005446"
"1047207428594348052","1105195570949271624","793920240924622878","1105195535243161783"
"1079129456410632353","1105208360363642911","989532149629714462","1105208342898556989"
"960055508415426570","1105458206098071583","790909231482011648","1104126010242383882"
"1017765708735709184","1105469993828745217","919998724321738832","1104851177578967071"
"1079807502113316896","1105476978200559688","593450283510792213","1103390191512731678"
"925729625580113951","1105486205283475496","824378909985341451","1103004039614042223"
"925729625580113951","1105539814444511342","997110470458740797","1103038455216361575"
"1091864126302724109","1105556386743586887","982581008643792956","1103380519024083104"
"925729625580113951","1105819979867230259","800387017850224660","1103004039614042223"
"1093039748282589294","1105834612825006100","974992893024546816","1103177274070679583"
"1099281695015960599","1105855133969039390","1082348486760091688","1105855089526194197"
